feature_1,feature_2,feature_3,feature_4,feature_5,feature_6,feature_7,feature_8,feature_9,feature_10,target
-1.916804353033506,-0.3141213472548699,-0.44450875019879255,-0.3371440175914162,-1.1190913583461581,2.213065553987284,-1.903864420595394,-0.06799786041492521,-1.5229575296203999,-2.642628496178216,2
-1.0773135140633723,1.0417349079187792,2.914938664478595,-0.09196964015451137,-0.09449072142926684,0.9384115951405754,2.3518301616981536,-0.371179100017682,1.1718989311537318,-3.326405421424911,1
-1.956108904821224,-1.8688173128715362,3.083535179132631,0.22387862222112465,-0.9269446030033271,0.5731093183356288,2.8106970032155587,0.4134353887180931,-0.30232758225288414,-3.978071768649681,1
0.5024110106144204,0.8774485220756677,-2.407908505189569,-0.08609555234833577,2.8171361654650067,1.2282646084417899,1.393031381802581,-0.4782650356575161,-0.8307515729100139,-0.6456950720072854,0
0.42946743250998964,-0.31531516359480805,3.4780234123236013,-1.5559883866386421,0.26577259901354244,-0.8761214803160678,0.9958435782970689,-0.8505158585732895,2.496077853100163,-1.6045771564271856,1
-1.2919068463890298,-1.227256008664707,2.3586613407912074,-2.3787903159194546,-2.467370742645229,-0.8818280908666662,2.5298610556812156,0.8237012973771113,-0.21814582804930494,-0.008878301344097062,1
0.848272576067086,-0.9394812281278543,2.9044138425810684,-1.4493976573267104,-1.2959694783941773,-2.0950948140794625,-1.8448962287956654,0.2693705951883843,2.17008603813436,0.7166110747549574,1
-0.10479221482451917,1.6190315693901793,3.9546659966212396,-1.464133392614696,-0.8996354490646038,-1.439419216981742,0.6075886770298582,-1.4985789972269905,2.0952403952259857,-1.1027992066243226,1
2.3701459337214397,0.4850648214662459,-1.7257392052872114,0.6291348904246812,1.8590783388433603,0.3341945025413847,-1.5082667475016955,0.6079165183749211,-0.07121632298026381,-1.3947656891185554,3
-1.5646717386751017,0.28181314862514345,2.2223169845852158,-1.9544344266152396,-3.495043901697837,0.2130902818806426,2.1280800973961007,-1.7489020483179183,-0.20643074012889384,-0.5178490980497836,1
1.4247724912398079,-0.6894796975078973,-2.438095071984236,-0.991164291989941,2.970705166273331,1.87409710716768,-0.5518259635434564,0.5508779440386216,1.6763428291783171,1.1088377684732884,3
-0.42250112579906896,-0.6057510370112883,0.35008248890684723,-0.27717334172693375,1.2705685564437612,1.7563733649702216,-1.1632042819004291,-1.0427806538333146,2.4568980861039296,0.16696843427651187,3
-3.3515576453479836,-1.7621656504328693,0.9460181896907147,0.15067057517898452,1.7493120358154708,1.5658396909076284,1.1288816068682472,0.275812468097975,-0.20926802499881736,-1.7802866776141828,0
0.6437100486826257,0.6369342294142225,-0.564740956387608,-0.1675339523494066,-2.2775962658346653,1.1464181140698766,-1.9583173905665334,-1.286106948013911,-0.5738054458514297,-1.261918651041479,2
3.4056587029462753,0.2860415925136875,-5.399885131116623,-1.4728627481806607,2.1639896543891073,2.1961215931238547,1.5157481134136281,0.04716707326337889,-1.4298532772214592,-0.023134011286576883,3
-2.2264359234150675,0.43940384490384155,7.490111924845003,-1.2263651453598856,-1.3890132885480375,-1.4389155330169545,1.4420567919111449,1.2725910080582106,4.860545350519928,-0.5075723919610322,1
-1.0853476865457248,-1.7668353645615593,-1.427665435385245,-1.8034807796842838,4.395997874306219,2.1488399982050117,-0.03655359522618418,-1.7493537310233982,0.6189138563953105,-1.0870851677174556,0
2.814020691655788,0.46433865463762597,-2.280114402257933,0.9128127002386828,1.066541770880653,0.8128460140125959,-1.2898928376983652,-1.1795275861432954,-0.5296322128920168,-1.742220216850434,3
1.485968748223299,0.24667789653275737,-3.0777198738545724,1.2966180032053343,1.3107705483392427,0.6199796253635889,1.4963398708159024,-0.9397971111931315,-2.1121975466768603,-0.6709169191092853,0
2.0808535866213607,-0.9545681147788345,-0.45979251901115203,0.8536262404307545,1.526935189477904,-0.04148352236943298,-1.4238274062470242,-0.015412528608262106,1.1431193571848515,-0.6983435210699479,3
-2.492883072652453,0.22282263385850226,4.0618483815924025,0.19619186572941505,-1.3946729501407362,-1.0399330755322929,-1.0256439785844647,2.0032069492693436,2.7457920115143466,1.6926946252868982,1
-1.9960927525979324,-0.8574312117286053,-1.2794510619584307,1.0772882347154074,0.8260084261708329,1.5438579286753868,-2.6028909377706864,2.322053393697689,-2.36538352644659,-2.764230092008922,2
-2.8349336796215767,-1.7630545763714252,3.956049958258692,0.8749236395946924,-2.634780820103342,0.33873158373484813,0.07661959628993953,0.03561434108602459,1.1311645690466907,-1.4768694950411838,1
-3.799174623798255,-0.40704654322154593,4.787660679632845,0.8861075893424595,-1.9859560141885764,1.2502607804743096,1.7816284918420369,-1.5753032789371535,1.8850236905455369,-2.1935415413113617,1
0.29439467189863333,-0.5844851143578045,-1.9557117432677384,1.0302582494484576,0.9096710545959632,-0.1917113961833885,0.2209466373565656,-0.5985872041019659,-3.077491203849398,-1.94554220014538,0
0.2323927485528201,-0.030194307942056735,0.7790996143565659,-0.0473366428949451,1.842745966199545,0.49746151342205924,-0.5819903979614598,0.15867790637445828,2.2005052458270766,-0.13853901188957618,3
2.2584145741522335,1.664990700082699,1.792359343856323,-1.1771253559942498,1.1698414574947495,-2.2668301983122525,-4.006209708502805,0.6260136043956713,4.289132590425373,3.066171273201766,1
-3.439144525636859,-1.012421998842608,3.4771503361657237,0.24482104306155605,-1.7104343096372572,0.38706713369466716,1.8671710108454556,-0.654875973957791,1.2664763667743324,0.05875556072771548,1
2.064362812869242,-1.081300824839098,-1.1585200165364893,3.278767510655555,-1.9700270867877032,-0.2939896900416554,2.342390576715812,-1.2678989184896843,-2.085933641535978,-1.306324368667223,0
-0.4101538205519548,1.0976721056802679,4.6132574099665185,-1.6935151978571599,-1.920357400368974,-1.3273381407970921,0.6181010242819338,-0.0495963611820413,2.199215668251675,-1.3759853372977862,1
-2.3779802840147948,-0.6363366596103653,2.74196220910639,-0.6340785056681941,-0.39830310774826494,-0.28155886284557363,2.972174545531084,-2.345502523612224,0.8211895606330739,0.004351894294496672,1
1.5976143647939094,0.8732034679584414,2.0244728969181573,3.2346363175249326,-0.870490740006516,-0.5642085046778824,-1.1147989752832057,-1.1313662435732894,0.898337262266186,-3.003140228310933,3
0.3257758830078934,-0.049920997453473885,-0.25663142552133467,0.2628552038687766,0.5826168014598347,0.07763923174678555,-0.523721696020296,0.48484034122618197,-0.092059455406726,-0.6204071766617751,1
0.48313622529201694,1.4895774588475794,-4.443939554887958,3.6246751425522015,-0.7671712881495536,3.2990086096128266,0.34879237309587263,2.6371981991325426,-0.2782504648938148,3.109430560097314,2
-1.5754132473273716,-0.02473562468983367,0.789367392128119,-0.2602746171245972,-0.6954683534540325,-0.12741526197225395,1.4965050192474245,-0.0917106828701304,-1.5822092151973584,-1.4840194758103094,1
-2.832506757737031,1.490338121489666,4.413676879633355,-0.18096359275406038,-1.2362555013021677,0.2151088372365395,1.7490065092659708,0.6135459131505667,1.9225493011451769,-1.3696929585179949,1
-1.2506495995520517,1.2719087807381573,-1.7050975977571672,-0.42154800305298834,2.5247685161352704,-0.4802456933091721,0.3751164691680934,-0.706919785905962,-3.650306247468774,-2.258621350573484,0
3.0415810196956836,-0.8670432275213472,-3.287645380034368,0.20101184481471546,-1.4440937962295688,0.735673250541364,0.13358476935700447,0.5169958096408876,-1.7075766281325975,0.03175575248795193,2
2.480382294211723,0.6141921562419851,-2.1803197749859127,1.7347883591342386,-0.4127209369777327,1.6801892054193508,-0.22439723711972248,-0.028947314811212464,-0.03824585269017944,-0.8916756419879533,0
3.9588523882177085,-0.6063569769056688,-4.092439541391732,-0.5625590144374821,1.9053735967751506,1.8432636308119459,1.1941488648188558,0.37852681893202467,0.7642451131818551,1.1363604605296582,3
1.8234428935896814,1.277921289902985,-1.3981907702994416,1.5012798675617385,-0.11058087339898659,2.0872846285622177,2.3844896975919507,0.14696627621295233,0.9774404018786467,-0.22539111650338062,0
1.2747162679970516,1.7179930556752252,-3.6551714917869758,0.43153361918835864,1.9140774762376878,2.1485858159565216,0.029365691972440544,-0.21547918302051558,-0.9253011558336703,-0.3533113847718137,3
-0.6825493509166616,0.18852209286478902,2.400374981236184,-0.4846975564250118,-0.7546722000256113,0.156687697401524,-2.574577405391711,1.4421061167681433,-0.3560628045763641,-4.783145597300258,2
-1.3848082655458636,-0.87248490939501,-2.521984558566375,2.8521843109547937,-0.6148363072225571,1.8457763563902234,-2.2275353331684964,1.4685092757274931,-2.059062503675876,0.0020968166479313766,2
0.9210480332420573,-0.5385347123056182,-0.31390637513775,0.5172143645506606,-0.8713181849568002,0.368309438876086,-1.463553385310537,1.7582676811706,-0.9510905191948588,-2.3019002908396784,2
1.5000952735632729,1.3405439786485478,-1.502574812908297,0.37448208558722884,1.4679250481967414,-0.20711344024002742,0.8458596867170894,1.0794130139575415,-1.5065010576040812,-1.6906758758187692,0
-0.4936419459506962,-2.3651224531382886,-4.090206411832216,2.880801373970734,-1.6400944564907114,0.7668640686295195,-2.608792484003227,-1.2247219839556684,-4.251271722996729,0.5997170051753773,2
0.08245540984032562,-0.9599990572953289,2.6270106802761375,0.8719876620196502,1.7025213778866946,-0.9585514720785602,-3.4821924730188156,-1.5370460843900455,2.1930595608323107,-1.9064678003038376,3
-3.3569738298936156,-0.36361955713297156,7.418135262506597,-1.8748483217621161,-2.496966854151152,-1.8894761338052248,3.835562386324171,0.4707904439669705,2.0579408766803553,-1.8972839121898746,1
0.7805362445811781,1.227322438138098,-0.6474302606351022,-0.6105054227704103,0.9877983975810566,2.25899650226279,-1.5721087799969022,0.8723174158868706,2.7743391493330773,0.6526906999700053,3
0.37257795920293113,-0.6522557630512951,0.11227318244174261,1.2522135658869367,0.5816172245425638,1.6645764680620765,-1.228181260075679,-1.1993935113641656,1.7279723561579745,-0.905232010269577,3
2.5635074423018906,-0.7666717991916299,-2.472553664262423,0.8543001665837535,0.6096812961073841,1.3392222535352545,0.4585256237506048,0.019081331079100712,-0.3053917032264142,-0.8444439442292306,0
0.8487680122601238,0.9970197115817702,-1.4952756370563443,-1.5450066636253479,3.812855233341827,1.3529276721824544,1.2051818508824395,1.6346665525198718,0.7516944274738453,-0.985160047921616,0
1.3001299847749466,0.23209408472244217,-0.07825135650756865,0.9351089574661308,3.119099102399767,-0.7713914785239551,-1.4121471007782675,-0.5008936956512298,1.0424813682902188,-0.6741246282662723,3
0.28066953620861723,-0.5737042698896249,-0.1215470516653047,1.4656995213653894,-0.32929607879212175,1.4297780055538882,1.315004188173897,0.6212122989745048,0.29335331629683625,-1.2561647691508973,0
-2.315228868267323,1.8742760906059859,5.466818988405192,-0.36224841761086546,-0.5912136084289294,-2.2983034222227676,1.1138769925343484,-0.32151280841649044,1.449390392265602,-1.5051106387757556,1
1.3956558652351154,0.6035352591904276,0.39340756486300565,0.6422217572010696,-0.11551911433228557,1.462959591808248,-1.6087608241213096,-1.2533061231994815,2.3504924192946506,-0.839235395645886,3
-0.16593475267057456,0.2945159895680461,-3.5541524439282486,0.9660226551556523,-2.2455963680186883,3.632785162133888,1.0480085239653198,-1.1985260738412136,-1.189938310644484,1.2120819669503273,2
0.3905361653945745,0.2509967236754093,-4.305666872794779,1.8187473681258228,-2.592711571046906,2.0966994924985993,-0.590164822362864,-1.8399016642437604,-2.7872752843946573,1.5607221108693858,2
0.5152814803096174,-0.10563524269739709,-3.4650202820679366,4.198925042509324,-1.0215327941777308,0.14904951646495046,-2.088002076428438,1.1305913976640294,-3.113174924894969,0.8350767794163116,2
-0.42097538713668514,0.14904319792466986,1.7123427440492673,-2.011435111205679,-1.3309322555996552,-2.3173226993175735,0.0741510162374851,-1.4198156949020975,-0.1637664720923453,1.27643240787192,1
1.2263952765243746,-0.608458786498512,-0.5540499466405051,0.5434249089723859,-1.1316102112145805,0.3023154096722478,-1.8598003507609389,0.7590255206309258,-0.8489349525998756,-1.8207389478996316,2
0.39101418898034845,-1.1702694011216996,-2.120051846076073,0.7983376637178502,-3.509513810431301,2.664178394140753,0.24072872060803108,-0.026122672127904794,-0.6588403724566492,0.8315403327630513,2
2.71413368769295,0.49027606566675336,-3.3236101921674654,2.0203557953426183,1.0608132493231446,-0.5241941065932711,-0.5104186922280345,-0.7878237477464387,-2.799744397006168,-1.2364047567814427,0
0.8395185335872106,-0.5090017618305099,-0.5684302013680621,3.7507821431003894,-0.44713580060554814,2.0262032462939352,-0.7076848734790124,0.8797684959457444,0.7013078691239912,-1.6174582773087867,3
-1.5800466938566924,-0.34479612299418294,1.2229187323524604,3.2525999657949622,-0.22773419689774077,0.18197039587614028,-3.7349665504401326,0.05027289131537464,-0.45465238628370075,-2.3915495120554864,2
1.079607181785745,-0.048014163898390194,3.7207538158993625,0.9105361047209797,-1.5945261238362045,0.748723829455711,-2.0141967165586054,-1.3855322473838472,4.008835222108775,-2.202012525887713,2
-0.09390176769775782,-0.2606691439168123,-4.381036517710248,1.4149213077547649,0.30525769939786596,3.398193943889377,0.7516872631126423,-1.6612787487320162,-1.560283758058378,0.7562986558519638,2
0.5170044936187661,-0.6582601427232297,-1.5296217680189286,1.2626824459251855,0.5407504152825775,-0.11348697647625428,1.815448742749708,0.5435342274659133,-2.4564630888820664,-1.5060679061192088,0
1.3340864480293915,-0.9884235827556973,-3.2499578052507045,-0.03528402476999082,2.529479589404827,1.4931577342289324,0.21308365676701002,-0.10535493870336059,-0.6048985950095271,-0.022710133478893835,3
3.4716912822002644,-0.5849299185682824,2.053350252282275,4.381530737393982,-0.8643873861970319,-0.8172021322873879,0.3346439223433264,-1.9493452552108483,1.8179595660064491,-2.87224235626131,3
0.693483216739682,0.3584973808143647,3.7869762058111993,-2.6549571685807116,-2.0862870472160497,-3.3454874211694072,-0.8708410013460273,-1.3445857570134712,1.5683675749151287,0.8033443534462463,1
0.5428981802283486,-0.07973342752853681,0.5372947262313907,1.7736010371041926,0.1445003954036438,0.6374153548624469,-1.9466596201631692,-0.5702944452615362,0.45827814771473563,-2.359686864630908,3
-0.15541180771533747,1.6526150609705634,-1.914834897857804,-1.4762612090494356,4.405769872209638,0.9915091323125373,-0.04257591397942706,-1.1771122438872184,-0.5084580199740956,-1.302313132537947,0
-0.11229423341483824,-0.2076772666399089,-0.45062059004445404,1.479114766062346,-0.6518179104960056,1.796729629657281,1.7314043506866041,0.1935853398117053,-0.14245987973264218,-1.1802970795305234,0
0.8988947143673411,-0.0018460883641200111,-2.771914896547567,0.059287641674166,-0.38658387055168897,0.7139660879970999,-1.2389061354242936,-0.6146097112651743,-2.9698302191133075,-1.6912143880660504,2
1.9947947735298792,-2.912134379379116,-0.5784148204413615,-0.15608840269367885,2.0928887221729626,0.963340265983835,-0.7604513551819876,0.31906832515161476,2.8335823235543023,0.7226155941217494,3
3.3801557464512437,-1.3369808960485758,-3.4874523186061634,0.7035818455386307,2.4284670706679106,1.2138515281691409,0.17570936592849407,1.3203992814466707,0.7996576131360333,1.0310904518310253,3
0.32091640804868216,-0.39070561391242825,-1.021610897452984,2.575250579369413,-0.516483758266586,0.9178974014975861,0.7706811909669959,-1.1978031898773356,-1.173773027698045,-1.256579910947387,0
-0.5720606656486382,-1.6831528060364036,-0.36022823298247264,-2.0539393446335263,3.8941478842320856,1.5888572570523747,-0.2043990274724543,-0.06403686176641572,1.1253712759754206,-1.7190493922228915,0
-2.7889469509850437,0.6572125035848473,0.16483983748864084,0.01891059750998436,-1.9605691672709926,0.2960088939726211,1.4409695716823083,-1.2751237554911852,-2.4342058169936807,-0.23469716504111138,1
1.357532756630659,-0.35588389985990065,-1.9764248095920118,0.2584494480858692,2.480705003408878,1.2336475455163605,-0.3900880623723477,-1.8706855841180934,0.9796443973711828,0.4300412012863808,3
1.6900436553429183,-1.3431982196769263,-1.6071879113739747,-2.1326359259823326,-1.3341479967464374,0.6836387391608182,-0.39035230528956255,0.4315583692859805,-2.3875036223540578,-2.948728552430531,2
-2.0856083546594073,-0.6996257987156558,7.007851998446772,0.11943986758814651,-0.3070124595146917,-1.7533862603896748,-0.5625907154306391,-0.474885875883006,4.481996906638842,-1.039146812431876,1
-0.8678456086477027,-0.5742373753190599,-1.1829273479393847,0.33140940545171116,1.9692797916519544,1.6651680672832896,0.7442780373037916,0.291325232874699,-0.3471839233057741,-0.9775262545854713,0
-4.5370193530745535,0.7405399180288891,-0.012831684554628797,1.58513110232771,-1.7063777845211696,2.0550895948073427,1.1449889932455757,-0.31608534160627566,-1.7360581107452107,0.2611196121864672,1
-0.5546186113167655,-1.0623789670794828,0.25451204832800245,-0.6592681303098523,-1.6784761224334575,0.21688217895539386,1.6570476506408292,-0.03822420115706395,-2.569451966124046,-3.053443966322093,1
-0.41828578905170566,2.5362313095275932,5.520488029485999,-2.062307570189425,-1.5582960996888917,-1.8948066925102145,1.2829580756057601,-0.2617867649222678,2.717566574861539,-1.4743323512822728,1
-2.352631874075376,0.883114551658483,2.566185521578668,0.13190890176526593,0.2061028196815078,-0.17778006175558625,1.822200348118185,1.3162675514999682,0.4021755537376168,-1.1889967336066858,1
2.8773949974536657,-2.0533843835409216,-3.4474059666383465,5.415842151659071,-2.725444307800966,-1.1929330454231026,2.01841375274127,1.3373151813650062,-4.974335120580344,-0.858064788486347,0
-2.718231091309143,-0.397761891346851,-0.5915331446659914,-0.9615102675718492,2.466426068635628,3.951105048920182,2.326281209466787,-0.8394323980262596,1.6864108471288421,-0.12471003758664412,0
1.238228375544217,-0.32326877439227036,0.18782796099402388,0.26612326325499613,2.775383423449428,-0.39468783930010987,-1.9298108618177667,-0.8140371230174078,1.6186006494676293,-0.6107344281670906,3
0.5752371798862441,1.4251251865870396,3.2504025871101163,2.779057031017574,0.028635909506491086,-1.1293610038989907,-1.6745416179193038,-0.030850763825272586,1.2553226908561186,-3.5014821425703766,3
-0.3752323616426665,1.7063306195386507,-2.2548566762168885,1.578577996786898,0.9922621996948707,0.3856077176953736,-0.49721956448480786,1.253550166497368,-2.9788663460865354,-1.5693233322768871,0
0.5323446364099403,0.12175861030942946,-1.8959172339074446,1.1430883304572348,1.0140930608450713,1.7294479844213813,1.9955299780976996,0.03696752054910817,-0.41694782159755417,-0.45799835067107564,0
1.3161902846290612,0.49658419083560834,-2.20675660924065,0.7119476972438599,1.5012172601655962,1.5891394647669737,1.4846246067207933,-1.5177990932003989,-0.15596612710044122,-0.4791775827064618,0
1.2681626886435704,1.4235782029990198,-5.067385834207089,-1.8667266142763426,1.4386093164376408,4.39832096137146,-0.5526413492694665,-1.2003587463033485,0.22736133951589932,1.108547380106537,3
-0.31825624039754175,1.7924020653307267,1.3349551804813369,-2.185679164246755,-1.9625813898635338,-1.0586337166525603,1.5436774433497966,-1.4085506073332303,-1.1370583552981022,-0.8995957426856698,1
3.5296607218642055,-0.19106238146991764,-1.710170219914557,2.860376861579608,-1.726380270272121,-1.4944155008528717,-0.12690911033538255,1.2722669199146075,-3.0608675793353455,-2.336628577587394,0
1.9479265405829789,-0.8527976275132332,-5.922406253372971,2.609578297994127,1.127284499807368,1.7549763967619239,0.6221486785641797,1.4704820276836883,-2.7401529091631405,1.4527787869314919,2
2.4742455214884886,-1.4175825835778983,-5.426614105339047,1.3120976453941995,-2.8942031262432133,1.9882590352994862,1.2499850494160718,-2.1745753127845444,-2.695936048580408,2.3826528286580873,2
1.8057779258886786,0.5690260055274303,0.3073426285658454,1.3607744112407485,2.606474214382826,-0.4071225671851293,-0.4319741354649389,-2.0083240047858415,2.2263050246171794,-0.0007650488219156371,3
1.7787350066640746,1.9123439317969537,0.5207152362990717,1.5508381088871115,1.2591606759958884,-0.34135520467371117,-1.6959441950375767,1.3705168356446544,1.037744120165594,-1.8788236888722265,3
-1.644031117319845,-4.054050084760234,3.618623721328604,1.4074440878369088,0.8894893433832681,0.36495606810129044,-3.1573293519902137,1.4763733788711084,3.6595152434219704,-0.912707409669002,3
-0.6193157271508414,1.1243134413060067,4.097435870811022,1.9643921209629767,-0.22457331481602827,-0.13158317284561027,-0.8676379227556408,0.07912268275917479,3.064406088071034,-1.9776882037909131,3
0.1285923478872424,0.19085270575958982,2.466373205761118,-1.5119630912570705,-0.2927704499160896,0.4887415822373443,-1.5003294019629472,0.42593178264631393,0.35167356989054843,-5.154704779567936,2
1.0709744946768505,0.0452107675574809,-3.0882220536596594,1.5299023883435137,-0.5292312289069186,0.5329494721128192,-0.5646327474505406,0.9899467121786301,-3.1234667576805406,-1.0325863707879233,2
2.8153848514761455,0.8901755427204745,-3.1286187034961888,2.8726096867924507,-0.30668603165409736,-1.8064785113093036,1.9521145680737648,0.04347630103489869,-4.675608068968825,-1.5114993241037644,0
-0.18044525415511958,0.1247101516460557,3.9752757633904654,-2.4463502519771545,-0.8755724951976566,-2.4903313206036395,0.3508406048340902,1.838463930862475,2.5243758112857546,1.180086625203502,1
2.0026219389930713,0.546599758589076,-1.333727083611602,0.2427064400511113,-2.2740077573412227,1.2819737807395752,0.4927509509245238,-1.786603072697699,-0.4376203770201743,-0.700168152913764,2
-3.4259141312200936,1.2717061892697048,5.6610045485335085,0.9300549907823366,-0.7279211025078025,-0.14370331775701062,0.591458651117875,0.5314047812008672,3.6374531748280905,-0.32171256953707406,1
0.58040660781896,1.6480027900566996,-1.5336000772023255,0.9001882600752698,0.4042220318834949,1.188793483730645,2.5565537487428234,1.371159553538192,-0.9704884697801353,-0.7980738092061441,0
-0.7359503955546054,-0.2271377802443857,-0.18865841215853885,2.890916712867127,2.0677397395562127,2.729832667934989,-3.109517727185624,1.0826674514253745,3.4806737652294557,0.8027253865706696,1
2.1404758014792966,-1.5994225691295507,-0.42816204215437115,1.1043239450441529,0.5274207303270249,0.7199510668689492,-1.2047198873355862,-0.951708238164947,0.8870999038100176,-1.7132383193731715,3
2.354314972240568,0.4622008990673889,5.848562166984705,4.140139486672548,-3.6554546322805566,-0.7342038286254569,-1.7313602223753608,1.6033602671351217,3.5194625425015604,-4.914804524403868,3
0.2959971233891484,-0.47722388203336225,-2.1472801386599207,1.7175796105355166,-0.13723975741149474,0.37392959469308384,0.596835424342635,-0.6614276383178324,-2.9826360475658973,-1.529444748399976,0
1.752971086644312,-1.1766371857794227,-1.9480804778071072,0.33906393704534965,1.241265520593949,1.5020587186085033,2.857939703949948,1.3285927366711168,0.11114775679650801,-0.4002564790658232,0
3.0189589507391483,0.7049028602108764,-9.577705543839398,-1.4185875238185583,3.7546443709529473,4.2092263949293045,0.9453758651460613,-0.8200912815300638,-2.768371750657257,2.021373331975939,3
2.500555445422778,0.22748088082566342,-2.5017219730331623,2.440617562708222,-0.39166177297918314,1.0660150178349297,1.0332593555782132,-0.796796410279238,-0.8993207632323811,-0.5524035129459737,0
0.811894628571477,-0.7413033689372526,1.7317868770817655,-1.5544468107585687,-1.203878026204541,-0.8117258920849618,0.8316832626493154,-2.4891278048023238,-0.16470311299762908,-2.286295073347395,1
-1.532737723208463,-0.130801219789871,2.0808347103668936,2.619676002544515,-1.7530393113277132,1.741624658677874,-1.2121291787734234,-1.2142751046573363,0.4528102157962286,-3.3930881992453865,3
0.8804267307254121,0.9410209153742155,-0.490801861147034,2.293954048937608,-0.7389394878849371,0.8684828791733558,0.4087033403330623,-0.2540197390169756,-0.41734875351823675,-1.4801660391633735,0
1.0540267492395996,-0.1308803053453823,1.2496516737390369,1.1984561290962037,1.655818950587418,-0.1702711908368435,-2.0679476321298194,0.1118570513446818,2.4179282692709667,-0.7853801483561054,3
-1.012986156592184,0.8625709140489516,2.18299077949807,0.07932734747283732,0.953916017582843,-0.27739637658659144,-0.31713595778595427,-0.06196300723527569,2.379040140250167,0.5985501732796423,1
-0.649949822953324,-0.8967741138042163,-1.2339917828721507,0.5502203119084329,0.8799268731985508,1.5703280373388835,1.7297148129504345,0.738889702442473,-0.9485430861230125,-1.0637702211336608,0
-1.4836051103740537,-1.3953575178324074,2.900443344573128,1.08739792287709,0.32684933408916694,1.1775440387724545,-2.009847283970264,-0.6684349334331847,3.342666320903389,-0.8416929587564603,3
1.376738370196441,-0.78950685133539,-1.3390044571066415,2.2891980566496324,0.03511589601187348,1.209884880896704,-0.6837769643953406,0.887669311435047,-0.6235384964372472,-1.9784428529897364,3
-1.2665124769144231,-0.10744907275618028,-0.4403602330645833,2.7101294793616386,-0.847440015551743,1.4127120094727343,4.222211717695469,-0.1333803341988265,-1.1983383052634808,-0.4790503164342055,0
4.721962370893346,-0.547876014847448,-2.237928133180497,-1.8498973886078707,-0.7409757432826203,-0.540814257252197,0.3665377640769325,-0.7319918925357974,-1.6475358015742536,-2.152327255080234,2
0.5624925172364523,0.2002618715365074,0.05530443482992048,-0.42992187611980515,0.3158202228722624,-0.5276579569016269,-1.6414697505475795,1.7139258004269935,1.343613352350396,1.7645374568470573,1
1.6305935310435564,0.22298653883572364,-0.7613110679070698,1.4567933922224219,0.16074511909994982,1.7200640126043991,1.2059396406344547,0.5002705218000001,1.3451707090181688,-0.506785077604941,3
-2.089837369310345,-0.9864699064811835,2.2770495572625515,1.5591665347801598,0.8288296287142813,0.6586829818557416,-1.0652259966671274,-0.15921430483934854,1.352639019136052,-1.6433916790935896,3
1.3908010549937382,2.66528782770926,-2.093660037673227,1.5291241741086279,0.23890842375301846,1.5764948815688373,1.7437707048214253,0.5171905303833785,-0.5250664457793303,-0.5192113679338108,0
2.789638129848117,1.7556123851014458,-3.6618426565991613,1.1828615477570859,1.0385330779966846,1.409268333338322,3.2226340035241963,0.45386015695535986,-1.0165002876001203,0.23406471451452937,0
1.2490868728891305,-1.680154047758961,1.2025637660406658,3.2088347477274493,-0.600046241803744,0.8898323861847753,-0.6007029859395423,-0.7893954765857517,1.7558549857875843,-1.8676576646757304,3
2.9433706014990584,0.19792754909896695,-1.9090230815332994,-0.4303410021335359,-0.5569545246679803,-0.4084507822398429,0.12466899494957939,1.9196196287975227,-2.423254451067201,-2.5443627823338977,2
1.8021011925823216,1.2681354929902422,-3.1269315001381535,2.0814653879886613,-0.18629230615358305,0.8320736021784945,-0.7644677914775597,0.7177104605479809,-1.5003099585643884,0.23565487587957956,2
1.7259172573350425,1.0224359319281595,-1.7281515510108156,2.958480372083912,-1.4310003263535194,0.44927824761570245,1.3047311800031332,-1.0380535711116134,-1.857134876711418,-1.1517742249075409,0
-2.0851317436568957,0.2819867517062984,2.4776670324311283,-1.9193881514673772,-2.88719729600314,-0.9311789222346107,2.289863513961519,0.06894205809604963,-0.5642624723521426,0.3274597991758874,1
-0.9035168579101058,-0.9870969204522275,2.492230185515471,-0.40697080838319033,0.4027406236705384,-1.5738819691539483,0.04166635374311445,-1.0279696769286086,1.3146130630978343,0.5030781809646074,1
-2.2946146254308353,-1.0688282306296446,8.171166234794551,-2.824168060944882,-2.957505036051794,-4.1349710613354045,1.257596652703084,-1.5505822962005054,3.7687278863261544,1.4849874697441412,1
0.9611798375006867,-0.5926633006550066,-6.743419944158923,3.03633502902832,-0.03317408931653543,1.9557599765556843,0.5073530134673196,-0.17864719767805468,-4.279562541041029,1.9425376471270215,2
4.155758320307827,-0.24809503187266307,-3.075983273069213,2.0982956505319947,0.18839446330469123,-1.2786999163566013,-0.3426161079427208,0.7878960241588959,-2.907915685243747,-1.7199931360211975,0
0.4794440718979053,0.5065262183396557,0.7708979191744376,0.2662033987551776,0.45025502380200777,0.6566908295445222,-3.4147060609757034,1.977126520521058,1.213371171916232,-2.008067004863128,3
-2.8670060650138804,-0.48443437335147616,2.7925110913848386,-1.086203037704734,-2.4490085458889066,0.35106100645458427,4.231423898125469,0.1732201629664981,-1.9278326515272344,-3.5050772002857395,1
0.7072194078635592,0.4022988556883816,-1.7106288674457542,1.162752689468785,1.6912109466026557,0.0300241684172603,1.5954338144702493,2.6147989353617693,-1.7309916205125178,-1.154200988819521,0
-1.408439129430353,-1.826761993993574,5.313991442089003,-1.2748105332118729,-1.9730504684548729,-0.946620800877415,0.5987667320477204,0.46508184914275924,3.2362880273148678,-0.46563447264027,1
1.1857289281102794,1.6190540309298447,-1.205885269813739,1.4076735120615333,2.6665178744127846,0.05537120057224365,-0.4836958220584857,-2.76371382510995,0.4061016018989765,-0.20136545056072397,3
2.755475920155598,-1.6745763197880554,-2.097612362212323,1.653933401375823,0.04890859749165166,0.8366012576766053,-0.44781683144341966,0.8533934388588761,-0.5207473074839533,-1.2245943538471231,0
-1.179373099128453,-1.1740424596214953,-0.32014716235183294,-1.1470579039012572,2.4673353407679333,2.91954995917067,2.81167911369025,-0.06982482376560468,1.826996209643887,-0.4131913472388927,0
-1.4800854962724792,-0.828738009441283,5.06899955596246,-2.5969393337960534,-3.0443532090659553,-3.3635111687270953,1.73277600167801,-1.4084648309152514,0.06733003590991804,-0.6047662837763006,1
-0.7836699922757492,-1.496428707455792,3.5093181684080954,-1.506557899188294,-0.5975939615106958,-2.0106166026976764,1.3220949374180637,-1.4571008223190713,0.9062874681753906,-0.6696575622880199,1
1.7459282756278098,-0.41412411478061106,-1.03129644059383,0.012693143768426118,2.2421366628706667,0.946929192321377,-0.038506845170142245,0.7047789667612497,2.1600193731800217,0.8250039177641697,3
2.396355289897023,0.8820265407085491,-2.717821818647349,1.9280451442725424,0.4445024127533671,1.7494291878488468,2.33873883884785,0.00463281470387729,-0.05441470818513838,0.11149895467792037,0
0.8947449003799357,0.39105690774524765,-0.42728280408842423,-0.7812365422620435,2.629362417971298,1.2059215025336112,-1.6592457440140205,-0.4232152998682912,3.093760316589262,1.157187785897499,3
2.094000649419267,1.4119024337098602,-3.0182972890880464,1.7894007071630866,1.6021691354497687,2.041573012934205,-0.25129572767424324,0.3738753902434395,0.32787315464289446,-0.09353015260806552,3
0.42385840314117607,-0.48126842837938083,-0.1307756864096081,0.41467942187182416,-0.93492267575819,0.8934183570817663,-0.9125440113370448,0.2618555642786702,-0.7766537081954942,-2.4545150793728734,2
-0.8725175731927567,1.3731239018364885,2.154839961446142,-0.6418587413394321,-0.7788080916704785,-0.911860465422542,0.866626661800391,-0.13077744876740208,0.0343238568355857,-1.0729477946577335,1
4.128861251314969,-1.1714840885478104,-4.446320079537738,1.321756821426531,0.4351208288278352,1.0730065079868867,1.6815251980063732,-1.112074818376736,-0.9358674849906352,0.9835276281285887,2
1.0999335024521457,1.8500473300507014,-2.767215884612324,2.314890335276151,-0.4282240945935376,2.090204115282325,2.3906890760523907,-0.980273496014828,-1.0350975510805962,0.02495445474399438,0
-1.2435626707629726,0.692672034252731,0.5721752734925443,-1.4943835855813632,-1.4357985384640486,-1.4023614830705913,1.5687167548522916,-1.3708973585001358,-2.704737671479952,-0.8682881608506666,1
1.1923544467229275,-1.4444499755786808,-3.0274346987347416,1.9035527359549649,-1.213177218433214,1.9446628780984674,0.20595561114142513,-0.18934625817325595,-0.9422488933803173,0.8295001429491682,2
-0.9424557916402951,-0.6872025238484647,0.49299333313420035,-0.23391149420583246,-0.6481692350602986,0.5520174959830071,1.37539704048799,-1.6840762546284136,-1.422056820358308,-2.412501440850889,1
0.35529209404719586,1.2962557092217295,1.620847826455746,0.5677964977760579,0.12072413722416275,0.07524012374677203,-1.8037603465446066,0.43749201587109754,0.11965708283162213,-3.895802704450108,2
3.494253637966144,-1.5204196548582072,-3.279971957647252,0.03631860283267696,-1.1638413449750538,1.2696199016041803,1.4407572227323553,-0.5236676000595035,-0.9444710384645749,0.10387061390726315,2
1.802567516654387,-2.8519078407826752,-2.2802648398540395,0.4949286714175841,1.7055025404410977,0.05371979894241741,-1.1820418593981987,1.1852346998851642,-1.7455969674539324,-1.9113379087726572,0
1.8468182057329967,-0.09451069607983914,-2.317883260371195,0.624263916120367,1.8359567940949004,1.4382222296170704,-0.002736903607742036,1.316478810590568,0.06745768585716783,-0.7781709167139307,0
-1.850399459488493,-0.38418320295177927,2.6740226573325625,2.2022065579813104,1.1608607529814043,-0.21880137920435083,-1.9998336006303372,0.5544267265077274,1.352690949264297,-1.7691122240923125,3
4.366381782381111,-1.0820842583275359,-4.175934622660729,2.613532014331671,-0.36676615359018117,-1.8094316873015206,0.8725253826653128,0.684903856499566,-4.713205685419851,-1.4265236100056908,0
0.21678555685815348,1.6755402131215482,-1.8200428936163653,1.1463595931473032,-1.3623852427873153,1.7356970092128132,-0.6351208436909315,-0.6107030716502497,-1.1977562975019955,-0.6278259072943699,2
0.7880396718628295,-1.4255153713021405,0.5658220572315913,0.4374684973376183,-2.1764629339609565,-0.6057458188956355,-1.955720086278891,0.6616624653847273,-1.8529206861320908,-3.1563576420800765,2
2.824089604310047,0.09016738326328343,-6.8479027407819935,1.0617614945774176,0.6213420716493288,3.1407484687357985,2.336185287732089,0.6021939790273997,-1.8203635296672518,2.4503964056125054,2
1.1673067950030125,-0.41112217268528495,-0.5101568043659259,0.7372429682029752,1.2826916612945785,0.8826660199407045,-0.6075058812055514,-1.6044572658517375,1.08281391159229,-0.7704312897489842,3
0.04143655181204431,1.0646711244368772,-3.128070126771429,1.0962829474519942,1.5048698642339287,3.613478495691297,0.20936305075143968,-0.3067536641615389,0.4979185723903241,0.4234682311892637,2
-0.9398194366053771,-0.5098578190466422,-1.0751419185199316,1.802691038724706,-2.7154655125762313,0.7536376424369555,-3.3789527504806753,0.6738134530635596,-2.1627153762239546,-0.6816028374502687,2
0.2849124504631291,-0.48951659918537177,1.9961902519246213,0.25832036836542915,0.23779706781412568,0.7779338433792493,-0.12582949742886207,1.0761077079019543,1.7287741415764368,-2.6218038717415717,1
-0.2700731359580917,0.8348666488959479,-4.524074840876259,-1.8733580309106599,2.3542036111088893,3.6174244513858267,-0.8329921026805905,-0.5138664215304726,-0.4025692143730295,1.205659792773191,3
0.44687832523195026,1.2692329069202273,-1.2240414208169283,1.9930346306949431,-0.8191381530742616,1.1683260832931608,1.2421795015188066,-0.11554146896516052,-1.2581528804628896,-1.216648788171156,0
-0.13282161325812325,0.851165899490164,-1.2908266654662277,-2.131109030508464,0.3349681628700316,2.9575738448297026,-1.732353075079283,-0.3244610722095339,1.0162639078744502,-0.7026130821178822,3
0.7665767599984696,-0.7657232733027048,-5.136106059885891,1.078564666678568,0.6586789772077908,1.860111875915599,-0.004430799666666596,-1.3001260432076007,-3.5638872082037953,-0.13090012031352793,2
0.5209785192952803,0.59002329759953,-5.569565396732992,1.9932217601668423,-1.3945328815633014,2.768977643345957,0.6255116769049729,-1.0442397471178835,-3.0473665701951966,1.9005390486202183,2
0.8646333924627672,-0.9691364877878681,1.1984812289375602,1.0830140692535852,-2.44053675999051,-0.6196502252148022,-2.202224929769256,0.9378270139020575,-0.8444755354883398,-2.647498697421935,2
0.5020285968799589,-0.7081325911132682,-0.008104336447672111,0.7635227766373046,-0.7497185586772617,2.6132135318996292,-0.24406163223623867,-0.14241348129145637,2.0680276999110268,-0.6018192041096238,2
1.907994387031973,0.30888848288924303,-2.83473387177549,0.09235715133667133,0.41479087153987393,3.108966602364855,1.1195512004168395,0.8632126225052527,0.8709153066371977,0.13420614216367288,3
-1.321673673496309,0.6600954605303792,5.008438905475163,-2.209325791561284,-2.6724494240906873,-1.3638746794103824,2.2849851846240483,0.7818212109654562,1.4665344212448803,-1.4633532115222576,1
-2.2871852598477935,-0.13259767347933296,0.5189699647302908,-0.23971006131454042,-2.1504028334767153,1.4273992589404572,-3.3581745481704948,0.1159816597822965,-1.8174190701531394,-3.0614471562110857,2
0.3477525560680682,0.20560931214296568,-1.9499080527134707,2.1977471046691517,-1.3436110014468636,1.349776332510015,1.897791116885873,0.27226709880257305,-2.1964496956635022,-1.074063636118415,0
0.9437283107599435,-0.5672617146575817,-1.792143209290318,1.9123936192120927,-0.18823278052833237,0.5496481183339799,0.8157122591237802,-0.2849047666215309,-1.8978947201345324,-1.2914397800646706,0
-2.8335712583007155,0.392002583446641,5.521587722806236,-1.2945254606182375,-3.1543088277847686,-1.7716941676855202,1.384328761455052,2.2545361021078656,1.2480906163092866,-0.4660465562020166,1
-1.334331443194904,0.4555150049898566,2.555437499880268,-1.1637224211767674,-1.1680073930947807,-1.0761726997243823,0.9360332839443858,-0.5804622057825858,0.9442348683060524,0.6916793549570908,1
0.041804107040458005,0.6189592069804789,2.5701845031306747,-0.8410575599081184,0.4378901558964299,-2.0008265454798733,-1.580523648986325,0.7944029639688708,2.8823863241625673,2.2160745185178943,1
-0.5049398600999292,-0.04741538103072218,1.95373853222598,-0.6380748789769868,0.038907162543766916,-1.0785835321613728,0.4571633162205533,-0.2830431742754161,0.40605709967577197,-0.8260253433226862,1
2.409970630063838,-1.7852650478415524,-2.5550318200156004,1.18041647160211,1.3805727401647976,0.723186476513634,0.8865244541459671,-1.452141935416829,-0.9655656439964553,-1.0961709867693268,3
4.507546981806584,-0.45652176176810966,-3.053752113551446,1.4043215963610827,0.6313350495116181,-0.5669566645552617,1.107047295930162,-0.08807214909701203,-1.621303258518978,-1.0280607740493706,0
-2.085517844570286,-0.7702883559564846,3.838818438662411,-0.006171792605941584,-1.177728034543463,0.39229343214660006,1.6203151419573374,0.15289214834573467,1.5837239153723286,-1.9714028939448325,1
-0.19352742157987834,-0.5615806151826976,4.598284601996709,-2.318007600399731,-1.3383384104118088,-3.0182660861507924,0.6360933458639595,-1.5726375147662541,1.814087594072335,-0.035363528858658344,1
-0.25293175569099,0.4298361510480887,-2.4691543842677377,-0.5629327209763244,2.8577761342333483,2.0684695402820563,0.8917775849611477,1.2646569070225409,-0.5295645719212954,-0.6049935058672292,0
-2.002794747251354,-1.0073246253294221,2.312819945131989,1.5143542437155961,0.07242898626544991,1.0833953783086145,-0.4486639351413666,0.4195693433153503,1.3976200522337157,-1.7513559493444353,1
-0.5880731252434197,1.8567316041881468,1.5151131941109972,0.9959834358657871,0.4287942576257111,1.1673113102692079,-0.6274828054416908,1.1355065261031918,1.560526268004367,-1.8619007781403678,1
2.470073773935015,-0.18351155957805923,-1.7544121157810864,3.505340087656608,-2.4778635612633946,-0.08272874903105043,1.272295867916922,0.3438043235358821,-2.3843694772536663,-1.3267185709684175,0
1.8015459719457967,0.5756170642012262,-0.9612329904657803,-0.5705279449149854,-2.210785912561877,2.2345139686358753,0.16585366465204476,1.0500580311206225,1.0712478975608035,-0.2209581514039055,2
-0.7673895600937503,-0.3469554499349018,4.677603967901289,-1.4092721642134718,-2.2659165888536013,-2.055583520168815,-0.5032827990535198,0.0924037757770562,2.1723228258770266,-0.08875365559786519,1
1.5935580121646313,-2.8271014407300004,-2.229127678083442,1.4699541225064832,1.2821537480879828,0.38290611072382563,2.0759603838874625,0.13690742540714348,-1.3638627091409685,-0.6718029154231993,0
-1.6902926386111956,-0.820228515972456,3.52148691735955,-0.7862759322070734,-1.6791826091668134,-0.3243671394868992,2.474289746926245,-1.3744498919394217,0.3582034616892117,-2.2325361544256537,1
0.6390254543638597,0.9782939689619577,-1.202809656229456,-0.16879470719403722,2.396547967423124,1.2535014018291322,-1.2536613762452053,0.033285827857349376,0.2881418677926473,-1.5934732655750332,0
-1.74134769271224,1.0662315277374794,2.548366911679675,-0.5289397865038329,-2.1847151854501874,-0.519674406025117,0.6935257280009555,1.766450259966898,-0.2733248791162397,-1.1334598219406642,1
0.4494371821807783,-0.6394387806715084,-1.621187954969815,-0.06662930721875715,0.27598579860706896,2.223947970984698,-0.9314979847169984,-1.2695993113567914,-0.08644790071119823,-1.2434007339628923,3
-3.4653466966950677,0.476938968542047,6.199823834528942,-0.5811519748888482,-1.7676111815083186,-1.7384584636424998,2.1281199973353977,0.6540238605628704,1.4849686233993986,-1.4776189188529187,1
1.010557695245015,0.4155830398339642,-0.9070792577920522,2.5965688560475293,-0.9851491486775191,-0.5156565359168008,-2.187146210685815,0.9865091738292784,-1.7806759985966065,-1.4214161050586474,2
-1.0901591286067722,0.9420759410995008,1.6633926378108645,-0.6106674146517799,-2.0047776910959287,0.9978931745071047,2.4438156008355256,-0.7159499673934974,-0.9272629310182496,-3.2434749046334654,1
2.5248500988643907,0.017684339431070815,0.33630673257976396,-1.2112826915443065,-0.07068579784463125,-1.5038958538051985,-1.4762463348967287,1.1883472676215194,0.35137817665403226,-0.7862011833117746,1
0.024696419637229572,-0.4647198667929127,1.3709822346437617,2.827792232319858,0.07702310404783386,0.7109818385037381,1.2537562137667364,-0.6923335681532666,0.9256198995884514,-2.004783928447405,3
-0.11713469879535421,1.376827361965034,0.36070410047437174,0.4561469037761523,0.8531244360750145,0.9832912613122935,-0.10445378002867156,1.0797170071942606,1.3651023996058906,-0.34894920824459974,1
0.7997687759996228,-1.0821192837745255,-0.7178662702788746,-1.8115031889442101,1.1203435101546022,-2.0264763138115356,2.0978426506687406,-0.9252712846220588,-3.1511994946044366,-1.9166951526535159,1
1.5363489669106625,1.6753365159340758,0.23411542655184192,2.0542231095175447,1.8271629300312,-0.7462755634071754,-1.504231220961758,-0.673258454789669,0.6018849238921419,-1.510250081409849,3
-2.0263706004493063,-0.8534409200680431,1.8031515322891418,-0.21634864025367195,-0.20511981939834545,-1.710000300188334,-0.10023011396955606,-0.08051151750257445,0.20204666495740387,1.748803593085174,1
1.4511200372894115,0.18954785608087055,-3.729207590430995,2.1381418651279898,1.8846156225063018,-1.0865638343066104,0.5348208112786498,1.1914349777194386,-4.4067203033244,-1.222222260108244,0
1.0664931801884703,-0.7082089975535188,-0.5406288331934082,1.0478069994225725,1.602062908802492,0.6614580145982485,0.5616868863429323,-0.10712963484093185,1.018042633315217,-0.33001125094267436,3
0.32124478118084787,0.4572830480432015,-4.7308463540944485,0.5100185933349581,-2.8706489936794153,3.875169617823573,0.3826412958073748,0.8709232920677197,-1.418421026690276,2.46330943934981,2
-2.012842480639544,-0.7986507259529114,5.47420879158876,-2.4046756649866654,-2.817430922276096,-2.083233001595503,1.3292225302138208,3.0755855315229494,2.422846983111891,0.9525419055821438,1
1.5391543943109838,-0.8557350802680281,-3.024121556844026,-0.0034459622995173245,-0.3337946791709415,1.6388171618952334,-0.36505406119916584,1.6287680875747823,-1.3996242642680459,-0.5162935541502547,2
-0.8909608930725135,-0.12073674273294784,3.089273992610618,2.0359214635128593,1.8668362292034186,-0.8019062991020367,-1.6916628236107947,0.7183693078940818,2.68101143983054,-0.8944793247204954,3
2.1457105610884426,-1.1477907718575986,-1.1619816991461367,1.687312503883121,0.5288116751187611,1.5537279733049152,0.4437547078999129,-0.672086293367362,1.2154836466255166,-0.6642041887130232,3
-2.2666049428592343,1.3343318268520439,6.451237224644543,0.2086330399740719,0.6934706149674799,-0.20896209049936731,0.6934270291874327,0.8653851340737699,5.759640442801855,-0.33762064827850435,1
-2.8634056877804848,-0.31847323368835706,6.252902242001479,0.00011214341284015994,-1.4207962807515626,-1.2890527192656458,1.4084374611840704,2.0287135304322885,2.1103488481486026,-2.2528186287527667,1
-0.648470805233845,0.4258244691791599,1.8461887807879422,-1.007550629640828,-0.7362366357161385,-0.436134937451906,1.6852739626024829,1.1133323363471697,-0.227335888407731,-1.7178091982852242,1
1.8964637451145534,-0.18276132798463166,-1.1244827600987901,1.202176829601941,0.23281080377371843,1.6665972778848905,-0.8190118104053612,0.17297010594416382,0.7813065247205792,-1.4412782285482049,3
-0.21166537634812888,0.2339601529848788,-2.2501483563986486,-1.5812542672525765,4.666317399156947,2.5183840868983864,1.745137476593725,-0.09302707779307455,1.0924301051372738,-0.003087178689035519,0
4.318350576546227,-1.316896981477928,2.2637758973706696,-0.6044481972123623,-0.6650140749821738,-2.414878393186838,-1.3975350734323628,0.1689222801387536,0.4916062951958793,-4.436277255347809,2
-2.479372302188447,1.3849484870983504,3.356007562201251,1.898013646522276,-0.22860441470964532,0.9349745404754972,-2.096110288903504,-0.8256913036108847,2.0703379817650873,-2.0706903211278664,3
4.014831244984366,0.0335635548712162,-5.163953511299669,-1.4176215745838063,3.470641814372301,1.5556955151233023,-1.6478524751470651,1.4098801716180314,0.6191659800786651,1.7149522751477995,3
0.23674423193399097,1.8231215215585033,5.518176835442963,-2.9459845318335267,0.981081297092423,-2.5701802420830617,2.219236232141574,-0.4246215587167818,4.275426147756758,0.02712485299561118,1
-2.1548486706610523,-2.238703812238559,-1.89553331171837,-1.7794352589853255,1.8217655100610077,3.86330162725997,-2.160494761251719,0.7223753048192962,1.6347474664372035,1.2619129204069819,3
1.3198068669894094,-0.1816695614667046,-2.035039273342001,-2.343679709193089,3.0285901222312352,1.7951381186736386,-2.4199648089417742,-0.5352485471564018,2.105156029399824,0.8526118974556842,3
0.6905243800303265,-1.7644057207650516,2.492940237067056,-1.2373699497780588,0.797180529979133,-2.4188490020998055,-0.8483501290280702,-0.6418628560530267,1.7496417162147144,0.3405005790647777,1
-1.1416241776356852,-1.786886035147921,5.412456740409511,-1.4206770871627374,-0.9990709169004932,-3.4183877676426233,0.616091191131183,0.6483649563956297,1.3064501060712228,-1.0532076181666303,1
0.040165785844126,-0.2526442651900007,2.36101441559672,-0.7452953040660311,-0.38315038284419134,-0.6289026048549305,0.3337388259124796,0.3770447735379349,0.8356445903447101,-1.9157243923646061,1
-1.436565706738076,-0.03528222051476279,-2.3376106971194033,1.9540877748362315,-1.5490229874509849,3.0008987401795584,-1.652687116793725,0.4764574533215925,-0.8203240244125198,0.7635429745525311,2
-0.4239250183095893,-0.0939186386509157,-0.8056424177357282,0.6066432385897595,1.4331259046196696,1.710489836871702,1.420527357925963,-1.451640843729505,0.14298235667782855,-0.9465571276603522,0
0.7143054011561607,-0.7411857164500156,-4.063139675459915,-1.166532402005355,1.64769516653017,3.1707380212727636,0.4075650796760044,1.5986416689053058,-0.4137561934333016,0.6241583992237976,3
-0.9198110433372533,-0.10541125747840863,4.123177962888691,2.4420767423672625,-1.4269589856414888,0.23271867651303413,-2.2688265693842102,-2.0003322762548583,2.3303510566950596,-3.0181548462932146,3
0.40655206729245275,0.4197153887313245,-1.9730571910998633,2.1598317307765487,0.7990653142422673,1.8070394486830423,-0.5755345646725125,-1.4344157588479596,-0.5282363432214043,-0.9149126588806975,3
-0.3481910607237524,0.6577170259739498,-2.076449789246273,-3.254460949414261,5.104819846602118,3.1477763408135107,1.2218140915546927,-0.19204580062308865,1.757190991747343,-0.403330601667483,0
0.5245078101952504,-0.13684003336280262,-0.03376040920290596,0.5958287890281853,0.5154416735091276,1.4612094084153306,-0.8373018928670091,-0.2477510094580059,1.2037038445697694,-1.2193327513576404,3
-2.234980405967994,0.30604495358511286,0.08753703326160334,0.22770833573521299,1.2185549142888947,2.208282139753165,-2.2558725673723323,-0.016671304395135284,1.259078550631871,-0.2590013202906378,3
0.6003288884308535,0.26766386321120894,5.317660423399943,-0.9705306315020271,-0.8883663187165899,-2.102719763718989,-1.5245740343684422,0.4406072569699391,3.9223142677446003,-0.922199003559713,1
-3.242110589530081,-0.8587665088729738,5.578528634516541,-0.13536416079887603,-1.8495798210772618,-1.2375349539656,0.7670891449491432,-1.0713854638531022,2.078462196198477,-0.5409759875728688,1
1.0377243582439735,1.12167631931437,-1.8130563048022241,1.0990301819137176,1.0077679706273186,0.9426531338386515,-0.6478038386558094,-6.985475412913281e-05,-0.9490789460051321,-1.4392494417646318,0
-2.123055476339586,0.6525731254545449,5.338961669750458,-1.3463339078242975,-2.4620571428273923,-1.044750994437251,2.228301105584416,1.047761241387419,1.7378403306990888,-1.420055423209729,1
2.1432032028404984,1.6111149824119573,-4.044215551833109,-1.3282484774183074,1.5595997209538492,2.4197156275496994,-1.272827286773393,-0.44699593201448135,-0.3493325536684957,-0.0272114448732399,3
-0.05193103829975576,-0.2981054052157986,0.3831013110865069,-0.8054024569552142,-1.5609745263346868,0.3797149320203399,0.6645723347756114,-1.3681772079254038,-1.0364157823353612,-1.824780313139894,1
1.4206788219988185,0.10024196481197747,-2.214229739028613,1.1936051925560205,1.2002868724577314,-1.4439586794413026,0.0254017947926104,-1.69273284103671,-3.8063888358467444,-2.2247755352982526,0
-0.14780778972646091,-0.8258115802437064,0.13075860457718824,1.7378590869153645,0.49197737672352815,0.6834697101079041,-2.0910534632297804,-1.569044281307634,-0.4852535517200911,-2.7269191666520056,3
0.4520300577502181,-1.2207850836743253,-3.851394192494663,0.8004564186528951,-0.3979488177110849,1.2671453986466608,-0.7514239720754091,-0.20897155124932942,-3.6028628823432722,-0.9164439335462595,2
-0.6823704108337176,-1.2086055636248059,0.3582650247023357,0.10706338882383348,0.8081170994260801,1.8764489917804168,2.10348653058671,0.01945791210029172,1.0133717884138278,-1.1486690995272613,0
4.20510089405931,-0.35380666651458875,-2.2088211593396685,2.3865055988907695,-0.06313865052620682,1.2103380800431858,-0.7138789073912734,-1.628524966635811,0.15333263809781883,-2.013792135158229,3
1.2416668691738297,1.4197705538988987,-1.5618983807908164,-0.8350615358054834,2.4260240828989805,0.6112309618251652,1.1260044012084673,0.33006781080051556,-0.492773489960732,-1.3769387603842365,0
3.6497646308533946,0.6263969330962396,-1.368106907701639,-0.6901528231797458,-2.809811437244616,2.5322428695762054,1.934121886020424,-0.26448113422229463,2.3693392542764857,1.05118434672795,2
1.3977072953670246,-1.3827784910375778,0.419025277621057,0.08162081926503473,-0.6449797990969648,-1.0493274273371007,-1.3546771711494008,0.7753237514035657,-2.1704115918369995,-4.238401087406778,2
1.6806296569244221,0.36800600717406606,1.9926505636722824,3.9009522201979725,0.07629006069373467,-0.7909252441619661,-1.2587434578480639,-0.13990266230083556,1.6566502245946202,-2.0726310656387557,2
0.39717071785987357,-0.031839456636738726,1.1747020146985294,-1.9031058923131863,-1.569815072874785,-1.7553788444956424,0.5702397070801988,-0.399443281870726,-0.8799023302786597,-0.35450328005896614,1
0.10228777306865533,1.5898768902429339,-0.9513190268196114,3.481972827397571,-1.7117544731460828,0.7463921978049285,2.9634560591350914,-0.03872363302623386,-1.8742373055181472,-0.8308452832332308,0
-0.35315934476813915,-0.4816950487406851,-1.70597149680484,1.5136336896845621,0.7494107737505391,1.7812224009055386,2.1468649838421245,-0.4109152757903968,-0.8830845844378257,-0.5233346651512312,0
-1.5006164870515022,0.10710245176461455,-0.19463945478392325,1.2884618980685878,1.7199942392412289,1.7158238418303107,-1.094983769108605,0.6451278387938414,1.031940855502955,-0.22760280847088243,3
-0.13439438431034278,0.510210148246411,1.6390816867042017,-0.7241095143280759,-0.03478546874258637,-2.3599098730307944,0.3063209336757664,-1.5690420113095427,-1.2811647138193867,-1.48746447750527,1
1.1273735746433193,0.39810780101283255,1.9823773262795745,-2.138457521159218,-3.384485651490464,-0.333538530420173,-3.0347041304728277,-0.14586842129664834,-0.42833381892551303,-3.7119252318126676,2
0.48234179556175416,-0.4212007381574018,-0.5658954748415272,0.6247737521546266,-2.1685595343204724,1.0337110653606407,-1.312314584261578,-1.7684893278879517,-0.8489005614549391,-1.3128264969383485,2
3.917606551141923,1.7524420498081419,-1.933476172041895,0.7303825055850783,2.096956745110722,0.7984067941951727,-0.17891973771180614,0.7707299135137735,2.2607077433718894,0.6568870042903843,3
2.897130787706251,1.091179313594536,-5.410445109080807,-0.23991945519058033,-0.9294540359491442,3.244334233329889,2.9405460000383754,-0.16316213583724165,-1.168463336493068,1.6798828308015672,2
1.5198871651393606,-0.02922517956231853,0.603869347567702,1.4108412764252636,-2.3934087575710095,-0.2613990548714016,-0.819076685171971,0.3431292724923068,-0.5876923415607042,-2.055677929007138,2
2.0787780193288032,0.07650527183928826,-3.4926060406321784,2.106848159977506,-0.04660421287564409,0.4683325515750293,1.158706362549659,2.064550551576234,-2.8872307307576657,-0.7924949117182778,0
-0.2839891355366402,-0.15141071091099462,4.435207914505562,-1.6710834192767672,-0.608565866509311,-1.9500872389256214,0.48052183926843095,0.602609815034575,2.541475210133174,-0.5313604919841086,1
1.006939079105058,1.6851335009525699,3.1210222355948307,-2.3729982525121613,-0.8152219681587694,-0.23135963179368058,2.086192933298374,-0.9215700652129813,1.8077704644017953,-2.719407033647098,1
0.030202113483037252,1.4739497012264093,-1.0798428119247379,0.4738062500196121,1.5607874734646054,-0.027436730701988266,2.290608468389056,-0.41112715622938945,-1.8405849592618782,-1.4867648764859633,0
1.8075248155955774,-0.0648648503730946,-1.7106324482033894,-0.48800767451412885,-0.8275006705219654,-0.421661287968063,-1.2480017963719765,-1.977080699684078,-3.0674051198200405,-2.8784070428114568,2
2.904369166957806,0.05709198477574067,1.785532109831993,-1.9525141715673886,-1.6930552650263526,0.7435634804670568,0.24948571083523463,-0.7049851476380655,2.048791022366676,-3.1151236463476657,2
1.0720699969019947,1.194828994627055,1.4646724469360253,-2.115853124430656,-2.168480278494063,-1.3423894371204315,0.34313772436211143,-1.3707015829729348,-0.29377149569850514,-0.9508059883586963,1
-1.0709903562796763,0.4507576272929965,6.379937797246095,-2.050820018086078,-1.5888861834046375,-1.113046744799359,1.9229702958088535,-0.3293123637339053,4.385217381398137,-0.6605440139345451,1
0.2832935483956467,1.1888671779370352,3.0499323032614014,-1.588063252902892,-0.23326596215556294,-2.641683203902245,0.24498801878978405,-1.5058764873423012,0.9369426229501778,-0.4054588784974902,1
-1.7205361483208028,-2.0382965297622753,3.541729213490388,-0.9497152100408582,-1.0412413312306297,-0.4886168539519421,1.8572348173714461,1.4756694386095508,1.4378775305700298,-0.7329441745374827,1
1.5320105344111798,0.8054578635708917,-0.2609165507576521,0.30064492533353193,1.7503276195683766,0.2597553330420391,0.05549364613040675,-1.1481893580192406,0.8920763794972206,-1.171805992689713,3
1.3328979465714716,1.2168443567400216,3.193092505593344,2.234880034062111,0.33240543091102315,-1.2882363324277684,-1.5765319541149903,-0.12868878274457135,2.083731409797606,-2.755844701687121,3
-0.7368412037288631,-0.08072888289215824,1.6091746423891342,0.10597834285439012,-0.29887280336328625,0.27335127511253177,-0.3711385796314819,-1.3187776664973003,1.2244780701468563,-0.5607645954595448,1
-1.0943726200971726,-0.40344659071432515,6.9431646451422235,-1.5569580793106494,0.09183995577135717,-2.8463540546148267,1.5704932059447576,0.01840462341945858,3.6528021419047185,-1.4874219454938769,1
-0.7993241209119537,-0.1993053333355725,-0.30238478802971147,0.5734965599793453,-1.5145701163099201,-0.16028060194699156,-3.707651028696569,-1.9931914128915524,-2.8641652057575984,-2.936680443058006,2
2.3861206713723204,0.5174406577262857,-1.3735300635958587,1.2016177511121613,3.200409809193922,-1.2400191084494865,-1.2466623175573195,0.10001873751356005,-0.5284312170036505,-1.288481050281159,3
1.0546901617567643,-0.8084661731053451,-4.036079573107979,1.4250402068406514,-1.6129668470154201,2.1182588141036884,-0.2805769842136352,0.7248149763107393,-1.8640519793939823,1.2761127883064147,2
0.41024465481109496,1.5090251988918544,1.6780371339690374,-1.0421585685485617,-2.160531569645797,-1.3610723785967274,-2.367285795080601,1.170194743361313,-2.870600900741457,-5.526093412368355,2
0.5323831936305997,-0.5630071514803686,-2.288568340214086,2.148684726003259,-0.009901975210292013,0.3753367603542376,-1.7910993734494804,0.08261327279331242,-2.36995709209841,-1.1042522977290927,2
1.2610031281743297,1.1476514174896568,-1.833611127370372,-0.5301651447685074,2.6250633136923787,1.6534020464805796,-0.4373225059471184,2.250775104308949,0.595759112211729,-1.1052588414740145,0
2.0102807837709005,1.318329887939122,-2.2333365481173937,1.8777569823727593,0.4272096865616205,1.0504493767131207,0.03252701342868625,-0.8205765555858956,-0.6903619060170174,-0.9029798941209743,0
0.41655448388406735,0.9716667674833938,-3.3466046137228056,0.5379203634574665,1.672424166204204,1.958959495504688,2.611817422063597,1.2649846649925427,-1.5084509136443351,0.013567362400199734,0
1.062382476236663,1.0522559337439636,-2.342491560329366,2.725835093644689,-3.9436264469621465,2.2435999588595963,-0.34524390434178176,-0.4792033741962163,0.10406502400824125,2.56338574245847,2
2.7549183081099957,-0.26246074870366565,-1.59463038822812,0.5122165217222999,-1.1535250372307717,0.5170419306062809,-0.21824389709553282,-0.0444373539462197,-0.42941793244508764,-0.7220271848552315,2
1.7720083287206014,0.7270193073540817,-0.5262765818326233,2.829830006232242,-1.0086420688131748,1.9295674294638863,1.4864524256997886,-1.6080993587888226,0.6260916581048996,-1.8340706201840438,3
-0.02043201047289145,-0.746273021631104,-1.1647195898765528,-2.8770247453470583,4.74519457133953,2.4421779502981487,0.636305507288135,0.8286393794248759,2.0833531527710796,-0.8071706432766115,0
-0.883992101677249,-0.021733492928393876,-1.811024135798158,-1.0057902120446043,0.3034926059884513,3.931766846281248,-0.3587801175272525,-2.1944038873761773,1.2972365699095763,0.4162793852409652,3
0.7978459645294039,0.40235682632124237,-1.5911136601311262,1.3619648264915363,-3.229895562307873,2.389002029640595,-0.8075765796944475,-1.0220977875066108,0.5900437132751242,1.4547370572433422,2
-0.09198033289661478,0.42181571076258223,0.13136147128544828,-0.47465494385072704,-1.148435020557611,1.5487369469923573,2.511858748718054,1.8983403760461453,-1.9435984972321565,-4.435577035187226,1
1.4539468692761337,0.5620627521252283,-2.785440774462013,1.4613692841336228,1.511606643538674,-1.0017413995099265,0.8974421068404427,-0.5912495593693663,-3.6415847748736865,-1.5657342941639256,0
1.7876284922590906,-0.027760136644663376,-1.3382177353690297,2.047498952863777,-0.6804487836281669,0.9124499501171085,-0.3297817065651998,-1.4815211390434568,0.06215929988191715,-0.2937642408541695,2
1.130471475160447,-1.1392051716173321,-2.28947457928286,1.6692033668843531,1.0491452305285236,0.9534742219394705,0.896436885948164,-0.2592238817854791,-1.203265899396606,-0.7590163545779084,0
2.6339682717586017,-0.29585784040585905,0.4045025474480082,1.7612353959203046,-0.7606692097212275,0.30886687612970254,-0.9962256162923915,0.029062087394311206,0.8048826844383199,-2.503984813659435,3
-0.6700854974417505,-0.38575699962330207,1.0864321940888253,1.736838150554855,-1.0027765986705774,2.6991481584430193,2.5504948206462297,0.7603654278213822,2.1437174262400664,-0.6821700098252209,0
-1.8349895820762372,-1.2834760706345334,0.5561325967942581,-1.327360222270333,3.083022304347001,0.39941640724530425,-0.012487756831800256,-0.8456662927158187,-0.5008593361763277,-2.4826036108074074,0
0.4456704980367405,0.31585898655854244,1.4296921151542874,1.806591469674089,-0.20016078478556532,-0.23690028355498116,-3.185767238047341,1.6444674333499452,0.15324229064081807,-3.2129337834065814,3
1.2236290005150252,-0.5808000934892528,-1.9352494969874894,0.7325743980053281,1.2730603583769913,1.4856465870289042,0.2206380397821781,0.22154522390106024,-0.21269456635720763,-0.9709045654133236,0
-2.48440625085079,-0.8651133634687833,2.73499042339039,0.6808458347583193,-2.2767953940730736,0.9839864113718579,1.0229301620275963,-0.2983308402480882,-0.08243577635984578,-2.5221491628173665,1
1.434326099714916,-0.3212636692600758,-2.2471817670122727,0.3568221522605657,1.6813294771035734,2.360300663626574,0.47895924934499945,-0.5571944429387224,0.801951367693085,-0.4254737423657341,0
1.3685170083285088,-0.3875661325724314,-0.7888929961060999,1.1665285338911555,-2.678824498880061,0.7495429167834253,-1.0415499520046938,-0.9402875181706042,-0.5035835715832475,-0.4590863971564164,2
0.929382718860979,0.6782737003897429,0.050045265315874166,-1.3302260447880094,0.46621412491864644,2.1507311113735383,0.3129237483147025,-0.6002257301105709,1.0444776976188677,-2.8139815449346317,2
1.1578810903168524,-0.2275413224974877,-1.0176378191672524,2.138879999312579,-0.8151858728681085,1.9351646604086827,1.966057838450953,0.987909997731705,0.47653194086136974,-0.49237456392421486,0
1.263371963002923,0.6715575575083162,-2.544727098923793,1.011390112105564,1.1181183032362336,1.0348036317397655,1.4648410671374834,1.7339348069873373,-1.3520062476070265,-0.6932037228847725,0
-0.2438175314492883,-1.1858624587153284,0.20812155933994214,-0.7132873484698325,1.3960541711705319,1.55462098471561,-3.3693639019812833,1.7643613162299692,1.972526092384558,-0.8142565925823526,3
-0.639019409228164,-1.5133640650417612,2.374239312794953,-1.5984941327146411,-0.982123827123468,-2.1606447493597667,-0.27058896517487985,0.8179036445979173,0.8198256874896315,1.3380861170635843,1
-0.6596229854681168,-0.5505242111902932,1.2198116050028656,0.8480111156560057,0.9736867724675217,-0.29883938425042667,-2.9314365605444737,0.14192101285235245,0.12163038578073371,-2.2569737284354137,3
-0.25882696587600007,1.3424938066667251,-1.3585937528700542,0.9390407075918352,0.567046279075053,1.1841984794287583,1.1466676936219105,1.2431554118624077,-1.350076987366719,-1.2667881616474095,0
0.7887082379614156,0.6626337975465487,2.926480849949037,-1.583485511974036,-0.16540693704883735,-3.346701349126434,-2.5780278414607007,0.13910216984165838,2.221713579691486,1.8281666757113277,1
-0.47369194365599565,-1.8833620946311582,5.885601904545348,-2.7598751162420108,-1.3402090488341143,-2.6742232776397277,2.0294674278883598,0.7827151355055033,2.4261206674510123,-1.394791739672684,1
0.4771637352840302,-0.8255810416535906,1.9899924252190617,3.510222364219752,-0.7763285912656406,0.6284636753495687,-1.3088892678836943,-1.422121864330431,1.7541462476712524,-2.202857358314497,3
0.41333672397944976,1.985637686225776,-1.500075654591044,0.5685934045088238,1.9303615946014432,-1.168969093536885,-0.7467039694892914,-0.46789383617322516,-3.202223369171913,-2.5451323544265287,0
2.1506088140893977,0.273366852785388,-2.763070178500186,0.6427175417509804,1.593764277424731,1.7554137851329976,-1.8384058739438092,-0.6617998452810052,0.03267998281353934,-1.03344994555887,0
1.3011711602542197,-0.17836642469478214,-2.1284849070177,0.9611668277927263,3.2356508832172084,-1.6502990405609141,-2.606385085074667,-1.3683629807891347,-4.148881961401132,-4.397396456999843,2
0.4512990461273837,1.1156070112433916,2.4175495965477545,2.0500763598229046,-0.9645759999954449,0.6825322425667057,-1.6911888340673222,0.9482464636378202,2.0195196166347515,-2.5802169972739755,3
4.23189258511687,-0.5971942512852318,-4.351801390272062,0.5212231542116705,2.1261418037891273,0.7353465369398642,0.17211401675295002,-1.2247079607460514,-1.1668432801795974,-0.5888465113872693,3
1.7011892381075522,-0.10373423620135826,0.22524122653518153,-0.8668144566477676,0.8170032539978673,2.2002892425865186,-1.2925240407818417,1.8478310288676252,2.7192422613285423,-1.850694815875753,0
0.7472976887039497,1.2483763641981849,-2.9202458710748105,-0.05526840222463503,1.5545785275578532,1.6404788168203113,-0.3798274968261911,-2.1203387412307233,-1.9108841050477414,-1.92682771832146,2
1.6048891041666897,1.8513401194910784,-1.6022033501195259,3.243428323993238,0.6567820288346533,-0.04547113887704923,-1.5587930482574834,-0.059015856110719835,-0.685141546184419,-0.5318949913460742,2
-0.25053358327953146,-0.5895622039599662,6.012853440760474,-1.9905630537307,-1.6037627382216941,-2.6411749031989595,0.4658462816109116,-0.5357932910729996,2.973942036552605,-1.2012623971357699,1
-0.05669612577989358,-0.24292344617648085,0.4851050816927596,-1.1763891872512244,-0.9073820807503425,-0.2710611800521169,0.9220943540574087,0.7453722920017978,-0.8288360618210153,-1.0462455668818258,1
-0.2519861071106131,1.186691382603047,-1.0941440708353063,1.487655625586227,0.48400278836608956,1.5412714929825895,0.6420615261224343,-0.2502823331191997,-0.5678383957530431,-1.0816569620529246,0
2.341441652694427,-1.5626569501149992,-2.002942224146569,2.5219900307623835,-0.9759827570033781,-0.2641896483635475,1.4260391052067183,0.3317848012022826,-2.39452548149281,-1.3682475573907666,0
0.1909869975546904,0.9947918526992257,-0.1679808231801896,0.42993783059082036,1.3938779706598021,1.328331500305284,-0.5658122502166019,-0.6950007358270536,1.5825572048850352,-0.26970613917800645,3
-0.7911440337000855,0.6615979632839485,5.15410268293154,-2.1101205925809845,-0.5406373715671966,-3.21165273712511,0.13084527609115548,-0.022051801256860123,2.8164139437358022,0.8796327998853462,1
-1.074273588746426,-0.8019696017829179,-2.0138325918253703,3.2215227816995977,1.5759963734772349,2.1193377211953797,-2.535775822630483,-1.2807878166672102,-0.09988219480135552,0.06690695969308424,2
1.9068998753023658,-0.7989348536567993,0.9117643371195006,0.42220819256969044,-0.3184946549668226,-1.0168717155794238,-2.748766641764279,0.8363700292574102,-0.31048057527516393,-3.2040672297444694,2
0.8871045898167516,-0.7959722440593294,-1.278419782488355,2.129583232082024,-1.2298609442472985,2.4398845877660396,-1.0887334829357747,-1.2064749535815509,-0.6704250266460456,-2.7739891374882992,3
3.0272357050783687,0.3836990542108262,-3.091991350448515,0.5909677938923539,2.6049454480069207,0.5558942429578904,0.523109219981412,0.5084011208320753,-0.056482706902103885,0.18097454159773374,3
-2.0274441285535243,0.6777010940660436,0.7599487943875993,0.47642914909218403,0.008016106322242478,2.3880877607298823,-1.2889741021310046,0.5544728438546679,1.468426661018385,-0.7150377141193531,3
0.5896116628351282,-0.727711453968096,-3.729346526757398,1.5521137966911822,-1.9371643653120363,2.706979290883586,-0.6672569977133664,-1.0065785663268685,-0.923672596131043,1.9904973849774596,2
1.6298499233167745,-0.7311954406273489,-1.2988025757477613,1.7934476431443152,1.8443604108640752,0.6140370453859262,0.28556838480097513,0.13569017540545353,0.42027082360583123,-0.6312683980579158,3
1.1664628558902495,-0.22593544385578487,0.21259725128369122,3.0172272840704424,-0.84788826314485,1.3724062817762288,-0.7032762885101727,0.5473066422443585,2.122885567267538,0.1492917556288571,2
-2.012101209042323,-0.5597191599556809,5.725644432321243,-0.5489639148170753,-1.6630581606300208,-2.076877457508097,1.444708134369127,1.0663055674688349,1.0057829499521111,-2.6425056319023543,1
0.0024742566560482793,-0.19434867154767999,2.7571266066145506,-0.6024884829127365,-1.0196680375824334,-1.267493575644024,-1.9101308570809152,1.351813324120028,2.564480979056915,1.121970679771811,1
4.10754365191001,-0.029674942332264656,-4.50006630899165,2.591143275980824,0.20350947059399338,0.9426962312886462,4.122474794651504,0.40048213421011625,-1.54843850756955,0.9512683090185972,0
1.5875450126513388,0.0907321344022193,-1.7429405937849016,1.454941468212681,1.273835623935929,-1.5024476751142002,-0.0028520170507477793,-0.6807770784172995,-3.1055607682259354,-2.1120661831189853,0
3.296894226965763,-0.21054849973803336,-2.8102322264653257,2.806655198340161,-0.9421980361732688,-1.15983866071646,-1.0895625559770223,-0.8998826170456962,-2.3838991725095076,-0.05704081324075527,2
-0.16751348590675752,0.17610497603090786,-0.42789518798527826,0.5687091853104734,1.8618134824880126,1.427412624810061,-0.644523073220586,-0.3539037550130431,0.6720300242389263,-1.3681411228750682,0
3.417592042735029,0.30903992767389743,-5.721987895256263,3.437717371338338,-1.607173350940508,1.2633616254560083,1.4127243161776377,-1.0551934733961519,-2.06281229057077,3.2619981503070816,2
1.5585480794424766,0.05291759948613458,-6.328178175487637,1.9933232568294494,1.0636294482024762,3.6158150133314693,2.577924204676821,-0.7625440635395795,-1.6583241834404499,2.130307483114363,2
1.8045008347547675,-0.3683183231562406,-1.5320614597867785,0.8414212653828917,0.3206548322798144,1.6913953727941289,-1.2883117069780516,0.27396375625287794,0.2773403549369634,-1.5895892949151347,3
1.553544896254318,1.6171268412679776,-1.721856684563269,1.5371619066520072,0.22987489521308546,0.22522376143398726,1.1485328248361617,-1.3874889643917714,-1.644311914198699,-1.3641837230263665,0
0.05895414521078135,0.6240659748112869,1.2690731824126245,1.3875709781832979,0.6804552174819596,0.0380488906729437,-1.231720261293309,-1.6275252402537044,0.7689306595096549,-2.0044444460750457,3
2.785407630030191,0.39420584096125216,-2.0721784736772646,1.2356317819035822,0.8978418798836225,0.6263219466847924,-1.096540721387707,-1.3637914884078566,-0.2849598857693999,-1.2761467803514057,0
0.08905712744467353,0.5452424248342077,-1.140308128133488,0.9701474590747861,1.3845074637310688,3.3217733750447542,3.127439845319122,-0.1138807667229712,2.2009349073925057,0.5448046195649481,0
1.913895800708614,0.5893280470744221,-1.6082349112968033,1.7157792314181899,-1.4983733900586658,3.3222563429094034,0.24264788864907882,-0.15756655755032156,0.7039513698025994,-1.8194599391580728,3
0.1961901196057615,-0.5049148422942278,-1.7116959682272364,2.93015460160939,-1.1619948830555487,1.110705392082026,1.9267672510777145,-0.7110367704551509,-2.0317379143972887,-0.853211526265233,0
0.46234091005865396,0.6182042451839522,-2.36343449256376,-0.9287639912156982,-3.4971553269468263,1.7369175948023274,-1.2255959432120245,0.13886561718833837,-2.3411707428985427,-0.49042208541994814,2
-1.1369299205015195,-1.6664191897478233,4.392174607480832,-0.4943283380318896,-1.8658685968228559,-1.0318605402052774,-0.3682380346979186,-0.998468326721944,2.262189293265005,-0.7721409214504704,1
0.39134731990479243,1.0668946186472568,-0.5419237501147991,0.1356483833059322,-0.674963117440167,0.5668645090183726,-1.9256924733057077,0.5966479047345142,-1.3832573091983915,-2.532200696502115,2
0.19788308338265648,-1.0411071232672129,-2.2755700887336108,0.02777694410112541,2.629526181260114,1.1465927463685626,-2.0520014583730597,-1.5443981788774233,-0.42330127224362313,-0.4044975457280676,3
2.7829584230942324,-1.3855815130220728,-3.049851243254401,2.345292478134832,-0.10125648294125789,0.10734415858169155,0.9940018665723089,-0.8789070477383408,-2.306468562074288,-0.8975106930797044,0
-0.9526847895837783,0.06812044071361423,1.9982575237277036,-1.397229543514275,-1.1088291501498764,-0.7317522819841796,3.115125936276249,0.5047811182391668,-1.1680344409464136,-2.247064898315804,1
-0.04783832262381926,-2.0335006699905054,0.13183162586670455,1.1174525267406354,1.1452290227979811,0.8802796013976194,-1.7202118976871983,0.16267197252071916,0.742691069342241,-1.4156534761357944,3
1.3091072726549666,-0.937074280147968,-2.1527471156751377,-1.6601916826453327,-1.25221043515586,0.07363283694773104,0.9503986938647755,-0.6584460385217168,-3.567526917741999,-2.300275620097121,1
-2.0424038079898503,0.5782859192115981,7.210281949044926,-2.4717166571345546,-1.1730043659682492,-3.3557992271345225,2.038856430870802,0.2276126265450017,3.559984601422454,0.5617167743729432,1
-0.036492054075384806,-1.3597045513308106,0.5948864041533154,1.4895016750834114,-1.8206208794506535,1.8960898507472306,-2.016621115156622,-0.7018375516904384,1.7774052514264556,-0.29500870443622496,2
0.7779887694508267,-0.31052575564227347,-1.3272805142068886,1.3825071356291234,-3.088352190582183,2.0163553309512503,-0.47756198665024907,-0.1974191775176412,0.09528589937996723,0.6869285144920949,2
-3.709659284968727,-1.9277552593431986,-5.071081654576926,2.566458322632262,-1.53270279579674,4.395500825262812,-2.7165060063445,-0.05259833656866505,-3.078418610793422,2.3613980216028634,2
-3.3675365370621373,0.9668198344788589,5.041233944892755,0.4273674713009026,-2.113769798652755,-0.8293335804542539,1.3233882811065605,-1.0555823121207522,-0.04710333343216311,-3.2468778981555317,1
2.6971529651904236,1.0854095888705064,-3.066205097994289,2.1144217939926637,0.1747768735703501,0.1773025227720828,-0.23212490682958098,-0.7014940410693866,-1.6373429012051424,-0.20553644277197758,2
0.3317314744339277,-0.15232840445435986,1.948738961054433,-0.46924646049463403,0.7617483754029697,-0.7165882383547358,-0.048980030122483864,-0.5167467620606174,1.3032300516576407,-1.3470668277505538,1
1.7436968493223017,-0.4702131785317291,3.1033002470018314,1.5333838020004178,2.9422136044201292,-1.8772311631991125,-2.607443884119067,-0.10014939044932804,1.1694609985213105,-5.55169488690171,2
1.0630463114798856,0.902077023395576,-2.530277335237444,2.6423686822874117,-0.9715284451301494,0.12717120527426284,3.732177308681359,0.06684824964102819,-3.303679128657989,-0.5765562126684949,0
-0.23194702511153498,-1.3493100547414034,0.5871462991921395,2.148966746261126,0.35154184717633274,1.6478976653992805,-2.5224498878647923,0.6289641080405277,1.5405300716128822,-1.6004143539989104,3
-1.8689950800384696,0.8543769651072106,-0.37244680405119807,1.640759179632508,2.167251193247648,2.521853855375845,2.649353488529284,1.1090486359367069,-0.6143662846371158,-2.9177290901248876,1
-1.0526133006485414,1.9163188204273385,1.500420275576714,-1.0287133923534035,-1.4246147178707016,0.7074964087361855,2.1649663163505872,-0.7089463040617656,-0.3653019284075987,-2.0231988549237547,1
1.8787330939289348,-1.67210277092788,-3.1214526245049816,0.6685992462480321,-1.261067352195825,-0.2993377950240894,-1.627852635462586,0.6960592371780476,-3.6032019649962526,-1.1399453381720606,2
0.38335603196713885,0.38180814039544986,2.2285335688673893,-2.216739284011273,-1.7717854515414495,-0.9956901459458132,-3.3220960117743177,-2.805741419290195,-1.727374165212147,-5.643387509118471,3
2.205911331082235,-0.0035152946563967767,-2.741213603817001,0.8128104334036281,0.08070565303913968,2.0109634542763155,0.4944453597063412,-0.38134530312189385,0.24308576126611792,0.30806337481927115,2
-4.80363794683959,-0.18867231491411646,5.250044676535297,0.8246538822771174,-2.228023759563413,1.5177967744241054,1.9875486484588114,-1.0574929546971739,3.140921630614049,-0.10564495442939514,1
5.2914288211043745,0.6522946997896532,-3.723630153677569,3.1088075664360306,-0.8720570462395749,-0.8053332962504087,1.1837734057679736,1.2462066722674323,-2.5159841738535524,-0.7620550893044327,0
2.8188439590156014,2.471247044911231,-2.048134315068854,1.271590748231555,1.7740843635501102,0.29202794028009105,-1.2916061218958217,-1.5255402442685426,-0.26110278046173296,-1.4193597739985622,3
0.2589580879166612,0.5486907364812927,-2.9199835976944986,2.3707765166284096,0.46467614610484587,1.3353553913338658,-0.7861756572789222,2.8862474705641117,-2.0197454738653153,-0.5440383888890683,2
0.8489447215421937,-0.05209446412348703,-1.2462700838936693,-0.04125643755703612,2.9245350123170484,0.21560189401183616,-2.0101381190958287,0.1320007655425615,0.37562774440131885,-0.5321863713115997,3
1.2026834619877953,0.20914350114554867,-2.2929438624274803,0.6836128021477768,-0.5152010499045263,0.3134199949689266,-0.24746522902336388,-0.5972386560582158,-3.004076033273727,-2.1031632191129193,3
1.5859474216248934,-0.7103980236691914,-2.7581219961476195,0.4841075208580269,2.506201296072038,2.202233388805727,2.351756077275967,-0.8964366752815985,0.6794980335396283,0.3076659882821522,0
2.400575815406931,-1.510927729873684,-1.3718070543035716,3.5607032330957376,-1.7975061851863132,-1.5542253099937255,-0.5144400132010547,-1.1653248318627252,-3.527736275225301,-2.5035081472859635,0
-2.5594220406898924,-0.93424235709999,4.068915898953959,-0.9831392742726387,-1.9846720049743103,0.17704410228550516,2.556826119600414,0.7074548355529011,1.3962507822946573,-1.1548175621251777,1
-1.2439011939402866,0.8977869116897852,-1.2244953730663939,-0.8430935374256123,2.597049034600681,0.7479372514553481,0.6212615825879052,-0.8186934242261409,-1.6932210390136477,-1.7658324012785585,0
-4.233964198932268,1.203663886056073,5.184748374898465,1.2815716427892268,-1.6838295233558243,1.9167773856013541,2.5146342796734524,0.4288791093309329,2.4760140579901235,-2.544922200378367,1
-1.0488755700251997,-0.5410247713960286,2.811491919157058,0.6146029771565533,0.5706586467239385,-0.024244948171346703,0.04536198089279542,-1.0626730249285117,1.8936124800341063,-1.4446408498329173,1
-0.6393495806328173,-0.10244597613406584,-0.38633774762064665,1.382010340980857,-1.1640968736811161,1.6659063075879255,-1.2675233947855733,0.18104150114604156,-0.5183255304532001,-1.4908712129541741,2
-1.5175718659261894,-1.515133314097623,2.2623976983235377,1.4963212837529598,0.7699763915603621,2.5830963997553784,-0.1856856649740195,-0.11246457642651411,3.8811894740152626,-0.688141241601672,1
-0.033720859269678494,1.5091109687410915,-0.674893472386914,0.5327370020953903,0.12708791532991803,1.8312368772195389,-2.209807944067164,-0.40693917131358454,0.3461344522283416,-1.4208152821450182,3
5.166869471470604,-1.0421482998089031,-4.313770189180074,2.4873374526111354,0.1350298322030209,0.08225268895004068,-0.23868964912064405,1.0470683163633505,-1.7796250534956677,-0.5507783451639483,0
-0.3852237162764216,0.5086697666458674,0.6737278099385792,-0.08678304501714407,0.034951237324301276,-0.196143693851617,-0.5961685452031062,-0.127950950071989,0.5835234177928745,0.2371004675512467,1
0.763988738175254,0.9325425553198583,-2.5716433093113586,0.6353407371087907,1.0819618716623187,2.3578215783386067,-1.0942507417601741,0.019354940924970265,0.15231897374158654,-0.12013965376434721,3
-0.9039529423022323,0.4448337329920538,5.121007587291074,-0.11548948580151364,-0.28687908680156693,-0.4112055315348254,-1.4276999541518132,-2.1520375212207092,5.069918626568897,0.07067294584351846,1
1.602599040980858,0.3734331727607925,-0.0987009506000347,2.735126967333388,-1.443847165078056,1.1679886379810613,1.042300828907051,0.6483060427012107,0.6104906353790402,-1.1687882127418374,0
1.6839716949878043,0.26112533650614317,0.8625130169207799,0.034805506865334346,-1.6026102314367447,0.38192162871199475,-0.3568560701497442,-0.4654279932595579,0.32184773557310487,-2.5710309268510505,2
-1.1444528803994554,0.8500861214923535,-1.694995546783911,2.210571855428892,1.072520682144786,1.580496427472335,-2.2803614370825382,0.8972879431717461,-1.3614464401492723,-1.3695983581025175,2
1.2413892612169846,-1.0436593500270501,1.0782887600324762,-1.5614124779264866,-1.7607388214679458,-1.0201043465802226,-2.3739383240636633,2.009491591645575,-2.0489600865253834,-4.665888729729316,2
-0.8716475961285796,-1.4571765307159399,-2.505611623545138,0.8157461920159368,0.5348679179829943,1.1391494580931854,1.26607075052938,1.5759745256079842,-3.236653046204939,-1.4265018114486332,1
-0.5001646204327517,0.005800119116093905,1.7498182055740452,1.8450373896574006,-3.3551987135964176,2.6916275758214523,-1.6214761746893336,0.13636530807313918,3.3516248180136428,0.4746220619535362,2
1.9779028008557828,-0.20584299723508792,-0.9883127389049516,-0.2273718522627437,2.4509898493265725,-0.5564791339006687,-2.5004490482122907,-0.19848235146757265,-0.03571718433793736,-1.5726124810828326,3
1.3902094083395224,-1.3952195094364415,0.20886009942796047,-0.03111805916998356,-1.3436434564373614,0.8565727065851061,-0.9269765983180551,0.6801629467912917,0.3388866482053472,-1.9729151535202707,2
1.9856499721522312,-0.8774885721949597,-1.802189660280213,1.4722556273529346,-0.6692684490316223,1.601373616758087,2.0667690537354977,2.0492681080367143,-0.2775342062368381,-0.6946848756973103,0
0.9261431930470744,1.7684023353344187,-2.5374058007859843,1.4719475630770205,-1.5609523415604003,0.9145349826657989,-1.8104284806476867,-1.0893099282488663,-1.8074130836581261,0.07197955358428842,2
-1.596831592093067,-1.574329254232913,0.5744075291971235,1.2357241940417572,0.11969476414678382,2.0558646964184444,1.9586262937908376,2.3525850789570026,-1.4320365044460655,-4.528489511463731,1
2.419980642486241,0.5489445177665526,-3.0294521977973248,2.315429801525187,0.18057998998418934,-0.01660844612339729,1.6682578286413103,-0.8052987855879996,-2.5186449700804783,-0.7436464164382945,0
1.6645370273420217,0.7460938150772825,0.7570029364067177,2.152049904168008,0.7595359326713649,-0.20763857616060366,-0.519552857166871,-0.5441905186460121,1.3234283675896843,-1.3655100827523547,3
0.2636612292555105,-0.7306436648021343,-0.004930142142291927,0.10030236389546299,2.016655616286914,0.8309983924108294,-2.4937801061874145,0.21096628758662087,2.026077109760251,0.01028201944549223,3
4.122549180003727,-0.27486556291038367,-4.202065264531459,1.8303926882165367,0.39367072480591037,0.05242833054860041,0.7804896366006915,1.2888985062786533,-1.7674156143191113,0.4950039536613422,2
-0.13277716585910904,0.5375940162702407,-2.8588292543531817,0.7224220021938705,1.1847621129345307,2.147566461704522,-1.8919769579309758,1.719144334338687,-1.7347073977473553,-1.6686731370083008,3
0.16071937549474813,0.4741829810906816,-1.0189813291181347,-0.6504897124422295,2.5863178392485637,0.49248982058525204,1.575418571993302,-0.7909140599966039,-0.732715976585899,-1.480315431090613,0
1.278960371312974,0.9493506893519429,-3.4673048090224006,4.0848648843641655,-1.8174098169742265,2.3313776022413952,1.146871134348654,-0.4954788309389938,-0.288779737075337,2.652602737304485,2
-0.2021258612289133,-0.34390337976618857,3.102725915223389,-2.518996550772854,-1.8268935541107014,-2.531664625474302,-0.4245972304957446,1.3379923714871487,1.3855782587354435,1.4863235814010785,1
-1.608398913089729,1.501485815573996,1.8912796836214454,-0.9100184165705905,-2.0219618726918576,1.3251564443647235,2.193937434604482,0.6301545864682502,0.845579920563028,-0.6991588678116867,1
1.6794921807128178,0.2251036591740787,-3.0801473498165066,1.8228759604998777,0.7323049094909576,0.9277114145875585,-0.18588025145428366,0.4768625848820571,-1.808658639616108,-0.8381753478227312,0
3.3491957161892385,0.8117933141706285,0.9379497825939516,-1.3138808534961082,-2.37146128602184,-0.11193029824019374,-0.5393708385205589,0.5244120819106874,0.9007964656564644,-2.336682792239956,2
0.7940448012525686,0.3555415133323936,-5.158030799029018,1.6852419358598474,-1.1182185857010754,3.404510345087065,1.0958160427908585,0.6191040766157678,-1.562611005547065,2.2610199842424694,2
2.5191101671077356,0.26985003550871284,-2.49532845517253,1.5824402518486294,0.24141636762312746,0.8740490726637454,1.8090839923044677,-0.4983930877474412,-0.9235009419649882,-0.559930496371077,0
3.2741559346676357,-1.4981433951345067,0.5796910747974025,-0.6343041955543314,-0.7734377039389384,-0.4889709822933783,-0.11059873551611421,1.572469491542905,0.19905259137010067,-3.1066144122150674,2
4.538575723820843,-0.2834840854582331,-0.8726224793106563,0.8938705865764639,0.8416383903770888,-1.141473259318389,-1.6899037178807905,-0.21841193597251027,-0.21730309016477456,-2.7912452817207365,3
3.098474209746483,-2.053061249564026,0.7460238493832418,2.1730097933542583,-0.004882062557037159,0.07284333991035374,0.9033439097037057,-1.0346107474091157,1.567264920509679,-2.11003911808678,3
-0.1492507181520375,-0.14466326021010456,-0.16408298677357647,1.0572716124210837,-1.1228140517413752,0.12910478135676728,-2.5733249787254295,0.4434402203646929,-1.7193765350480934,-2.442262015995613,2
0.45324650494518703,1.1503268225783398,0.1654409053536272,-0.9191465081539358,-1.6113711465615417,-0.4408538761266241,-3.056951733257256,-0.06182992276768087,-2.3340451380021774,-3.6599040125760185,2
2.838971489582524,-0.46208826064125613,-3.8637214776232938,2.0917177187035447,-0.3883991139353479,-1.7999045857796792,-1.3019924627399402,-0.2929269400601429,-5.07823903401706,-1.4540176273633334,2
0.6494873212436777,1.169645022120437,3.4138511851915005,1.2758740984101633,2.9762569840355004,-0.8866551125480338,-1.2052839468544223,-0.35589974061435725,6.038144078791366,1.9458462329959172,3
0.6098109468015228,-0.10363872523710055,-1.8176485907438005,0.7406888196108804,0.008425772941344167,0.1367552339611069,-2.6675915465244815,-1.6900652611931473,-2.348615515677513,-1.8836529317912831,2
0.9291751795839871,0.53661172543583,-1.734244074381023,-0.7798210845171567,0.7571878137146068,2.0281937892256376,-0.6944550225224506,-0.011876419701249552,0.5199213674156157,-0.4855635957304052,3
2.3779012344476103,1.5656896170260923,-3.0486987862768835,1.5217544909296115,1.0302312439836823,1.1276155034833333,2.9522670261429322,0.23473030240974177,-0.8582500644139461,0.12971449533440094,0
2.1885378432590503,-1.0967729434551832,-2.6272627449409507,0.8416839850761269,1.4952504660526529,1.4874944746988548,3.0795110341588203,2.469407414008624,-0.015672374079782503,0.12500250092562282,0
1.3872928114911116,-1.2623210853160043,-7.784909713424787,2.137153671716449,-0.8166026151765375,2.240522061223058,0.35070612470402285,-1.616169719730329,-4.7354613798963445,2.7754642011184307,2
4.486791211307768,0.08298719365424297,-4.713904824002654,-0.8847367799256245,1.7825275858683245,1.929479368532975,0.6983988269625336,1.814046329058915,0.05377525110473991,0.4210856140178487,3
1.4381329490214754,0.540102787129729,-0.30048926420803357,1.5278997952532818,-0.655012678207783,1.9761896401254808,1.074036042099486,0.23943202139122532,1.2781167655676746,-1.1902853202504786,3
-0.11951664001152973,0.2784634529421369,-2.359327131862809,0.7189029385893795,2.2233022739466337,1.670813564653466,0.8500153664367307,-0.43328080809922265,-0.8258367540639739,-0.47481204220195394,0
3.322165445267976,-0.5719476405848767,-3.4623032609083904,3.493174053977202,-1.238159194487626,0.0030539670411583453,-0.09094418371356272,-1.6449913354915748,-2.9050517822222184,-1.0524071533929056,0
-2.2797681134461403,-0.07279839263329689,6.250138624586224,0.7955389402496891,-0.8284178497960757,0.11956262246525173,-0.20345481669086984,0.4800336945653555,4.695333300706814,-1.4353701699044694,1
-0.5705200012119236,0.11774857446304501,-2.991815873691468,-1.5361568436465962,2.1926179568143502,2.817020109787568,0.23858801451105704,-0.47704406575757213,0.032586720249660694,0.8485570237097402,3
0.5435257738616046,0.04429966139527734,0.5529832772012486,-1.2609031016601018,-0.7187498444303646,-1.6829877918384724,-1.8947773945552222,-0.22882730585664127,0.8394677818104695,2.346837094935192,1
-0.3278552182740492,0.037437068793705765,2.5109146739548853,-0.21246785413404856,0.4264985756767712,-1.5070474374720924,-1.662702249596141,-1.1297478180046072,2.461858523134981,1.2654408083786275,1
2.58767310546916,-0.37594296933225585,-0.4210244674484875,0.8842990830493777,-3.72120719833774,-0.5099746035345363,-0.808917174586242,0.2505595069300925,-1.1641111412217917,-0.9652272454861958,2
0.5620368950802224,-1.7968585209326238,-2.264341242616935,3.2774034464563724,-1.6860330440158195,-0.422064035994149,1.365903049298892,-1.41711074097327,-4.425096108923796,-1.6570399921061207,0
1.482620459980775,1.4132140829193054,2.2874171860074894,2.619295576758792,0.3415692177990346,-1.4476065859006844,-3.668846164749397,-0.8783272872002639,0.9066179415398592,-3.366833261943252,3
3.646902895872796,0.012277889024038651,1.3416104103087707,4.300294617900684,0.03766917498972555,-2.2255028067717837,-0.17632415933480938,1.0195977320447756,-0.6610369030609518,-4.391102739011464,3
-0.8112539580639002,-0.4571741471430292,-5.155615447064052,3.023668456707848,1.0227665420840575,3.839590829034115,-1.010233172936556,0.6917186899082688,-0.8873484361940069,2.6115835449972638,2
-0.0840982672134778,1.11530499839226,-4.267210932615788,2.0171998239602433,-0.7737888651666878,3.1995370940172068,0.0034197410806022788,-1.2824002643804635,-1.3521628057459278,1.6923813697781016,2
-0.323811711812102,0.45491475108002216,1.5215087602737123,-0.842130319008207,0.7825031285469919,0.2681857844770129,-2.127924230059599,-1.5698709089001601,-0.7438939459594044,-5.177012022540904,2
3.2310219619732585,-1.0852679397855494,-2.862129691671855,2.2578550619864934,0.14612879975003978,0.5255441066801312,-0.24265783995195367,0.07758372113457053,-1.1763093797346944,-0.9174845228147316,0
3.424939036678277,0.9932141274860892,-4.916960375031602,-2.564878801895922,4.1140601858101995,1.641031826022693,-0.5013923754725377,-1.7618339895314747,0.8075955910872106,1.9172994736488187,3
-0.17492692172645596,-0.7658596426094598,3.4259316647585356,2.555513668204095,-1.20055770381444,0.2994734197098078,-1.622048082095422,0.6311447092848549,2.246568652648712,-2.72744050094688,3
2.9337175796773103,-0.5492703361202698,-2.072137882324135,1.2785383569929776,0.552035106377819,-0.9501607100728937,-0.5067836140780069,-1.3397552532961494,-2.3516412868447842,-2.1555897852437247,2
1.4144070681052467,-0.161219851248817,-2.577209549388895,2.16084014505016,-0.5932042657116767,2.923938247967288,2.592975865437121,0.3151682037984205,-0.5002017425473573,-0.8934634553792093,3
2.4250831561076494,-0.15711329491889997,-0.5669637468676514,-0.9123655379142845,3.5290255366539838,-1.4653210571921158,-1.9183659071445032,0.19457198091630912,0.4257269000056564,-1.2814502521066122,3
0.5854940452951743,-0.14193494678428714,-2.3427341443008554,0.09175764583329582,2.07519188524094,1.7452009113411928,-0.04812871321750578,-0.3091309953130807,0.022356367170995983,-0.06063292682270771,3
-0.4204393613281081,0.1066631033251192,4.200668940786588,1.1945989797698198,0.38170339214388493,0.1185698845140446,-2.1165581470705286,0.9835885739481924,4.659119304423356,-0.7615193592877877,3
0.4119279648402372,-1.6894179894802415,2.7157750727009016,3.2186484046125545,-0.443752592104383,0.5302507948331894,-1.7486136262788157,-0.37615891876102336,2.8948413963474806,-1.7842877255011258,3
-0.7342316384276935,0.9733705358291709,3.824314288370899,-2.5194261131555638,-2.3679651764594096,-3.0804760339920776,1.377371985366342,0.1957360477699997,-0.013918770813391879,-0.09103347525812955,1
-2.0077476190927364,0.32270225316466755,7.489742462252216,-2.27560752914507,-2.455639033160496,-1.9318436920531874,2.232633800730728,0.11885836322281895,3.608560039269012,-1.2171915733940353,1
3.113116620438442,-1.013908546259582,-2.2934293625142796,-0.14956769526628566,1.4387475124886135,1.29457363386056,1.1243698815656056,0.26316498086964685,0.13885611768669492,-1.3472398564491896,2
0.4751181131403377,0.01970276347787093,-1.3993246567650082,1.397315593854163,-0.13955195715180047,1.684334125621736,-0.975549746130782,0.387542856478548,-0.11251677029949902,-0.6910026519002831,2
2.8064763495655654,-1.1656735104517029,3.396914243631336,-0.27662956040969067,-2.116365749819101,-2.1575717343645513,-2.6080380359466924,-0.4465284720744135,0.69596372431795,-4.368374312928452,2
-1.8788305131567589,-0.7782778477402827,1.1791500358449467,1.080555317649961,-1.3067281288814268,3.0849642613838144,0.8291053931587861,0.9583757046480575,1.7983919169961133,-0.8844274836384861,1
2.40127139700185,0.21040471397131932,-3.4677596455751845,-0.06606184625522471,-2.593024791880011,-0.04913652309071659,-0.5505484426670488,-0.5433887420956671,-3.9022462805919047,-0.8155574028246272,2
-1.7910419051119946,-0.8409683606310597,3.544940364865727,-0.1933284524952147,0.54357514778796,-0.7308695593746527,1.453406320014478,0.5176044609906912,1.7186460451398178,-0.943282464125903,1
2.655313196852192,0.8178578781761044,5.468400120921616,-1.6875303496283345,0.09481433526286986,-3.491013464400279,-3.271493291296766,0.7626736387665549,0.5032269756304084,-8.043986029903738,2
-1.115330225623877,0.03432199683105384,-0.3478878337373348,0.5389235151447644,0.6839233556813322,2.608550620576592,-1.0344516735957368,0.5586348831048197,1.4306695035106898,-0.3434077375861767,3
0.6401159756630996,-0.4823090268978925,-0.16974675624078706,1.110731387761351,1.6884054176936478,0.9215231826777741,-0.7745893550901011,0.323649441488623,1.4473151696909659,-0.6076024922582018,3
-0.6947998205243029,-0.15444186925877187,-0.7794649237156266,2.3921614429257865,-2.191585511275299,3.215038911477675,2.6263602520570295,-2.238288341108044,0.15887928863701495,-0.383203528622134,0
1.9386739881739605,-0.4984944040360237,-1.415458807653648,1.5367257514425146,-0.11996388524122392,0.13645345860317437,0.21091410855074944,0.09471425185727866,-1.303841099114521,-1.649848875089671,0
2.2545862104917753,0.5992757952212582,-1.1177053177843286,0.8216803695073044,0.2968245065446309,1.9300783386554377,0.4242186675447497,-0.19258410445319316,1.4169845331985085,-0.9426234709836846,3
0.5745881370448365,-0.0016286124580567824,1.1799970971595721,1.0172242941565997,-2.0968333460237174,-0.05202818514164065,-2.1599627838382345,0.5882204499006984,-0.2928066998106411,-2.4442577818039037,2
0.2354401556203778,1.5997089937601792,-0.9747267251537803,-0.6378724327595013,2.1934920643528226,0.15258119625230504,-2.236982892779819,0.15065392673910555,-0.5025848614415023,-1.3337568137732994,3
-0.6705816268016325,-0.660169197515097,0.28098983165910796,1.0437732650019367,2.492138152850887,-0.08272984205041789,-0.5833212752781931,-0.41141191368493285,0.6440967895141958,-0.35491556167756944,3
0.2940575864406205,-1.0170494529513343,3.851462276135367,-2.9462801486374,-1.9808781404438673,-2.6096307564135897,1.8796961408778579,0.25236883678735456,0.04136832792065903,-2.004776056851882,1
-0.9702151008028104,0.04113531721212799,0.04258999299237182,0.1795658260807509,0.8563532454768041,1.4846323352828024,1.2672289827388687,0.2654193318466565,0.005325966672810267,-1.5351104583431407,0
-2.1643342063840265,-3.408966737450634,3.0787893767245986,-0.7353127069646672,-0.2953914803138996,-2.6777091353569484,0.320986068460241,-0.8180553205815546,0.6176200479519358,1.7524398818992988,1
-0.7591621862581184,0.037243962475022596,-0.8289936571908784,0.8264956657317795,0.7077800242457386,1.4573551270672906,1.2573212357825012,1.4925611583320504,-0.7790667547091475,-1.2688075624950148,0
-1.7490972913852518,0.9717814777578513,3.6994184701994564,-0.8949229563375994,-1.2245992917196016,0.37884692891314375,3.3815897047711356,-2.1155114710946537,0.5600351812228275,-3.3256912295650563,1
0.062056333747538384,0.4899173090725113,0.6784462680774,-3.4135366011810953,-1.1988165140031701,-2.298346328095649,4.479521737428164,-0.04656310130606564,-3.8972591539387063,-2.6106690245028914,1
0.3284536566809454,-0.09724244006400126,1.344475703528235,-0.6860555725341213,-1.1192014894104805,-0.28743594383799653,-2.966623533108212,0.47340803004578785,-0.9407406168337473,-4.0000761416866535,2
0.7198506785695253,-1.3004246658052474,-1.232322378950628,-2.310835665441733,-1.370399744015751,-2.0789580161451195,0.51207199781307,0.21362371758665685,-2.9855696969799963,0.7692093364176111,1
-3.2851153281484446,-0.2116995898390602,4.7496818024581575,-0.8065453217329246,-2.468944102609912,0.10048357941076458,3.0194518961276056,-1.0650410039926135,0.7791637700114162,-2.183886458763049,1
-0.546519457331226,-0.21254991342059257,0.5785225166392843,-1.9056163590230608,-0.42624333155830274,-1.238552391895543,3.2893593599299105,0.20225039552923285,-2.774703018420926,-2.2620008368165005,1
-0.9871155382108017,0.07792745210031338,2.020427354924026,-0.4725079960350994,0.7346416813120269,-0.6722601137355764,1.5310113659254458,-2.1119182488641957,0.5773182350982827,-0.9725631816685228,1
-0.5827429182285382,-2.203778503759745,1.2943754207258142,2.6585887352832085,-2.4028654075299567,0.014786867343344667,-2.9941259856725444,0.8140507973333223,-0.4107079448983091,-1.7187020011867578,2
0.09161251838271023,-0.39695618400826194,-0.29474715378842214,0.7473178174908139,0.6548527277743459,0.8245480490016293,-2.1014634022150096,0.0016620642592542914,-0.07481166015908847,-1.7891492874683685,3
2.6578672596015975,0.20295393428196556,-4.115876323790304,0.1447703314031199,2.6960192542223265,1.0174452641666474,-1.2467722555278906,1.5988488259017537,-1.1852930536120163,-0.4675702067866834,3
0.08515306311218529,-0.7255155484803173,-1.4176267868091865,3.8021436117870304,-1.7944063721159855,0.6157318150048987,2.978008831945517,-1.8787239596779863,-2.499699547282581,-0.7091838093512947,0
2.3487127544912063,-0.8123321349693472,-1.036561685160474,-1.3022893418956807,-0.2557552770605004,0.7857186669141409,0.33823558578557744,0.3910645002158086,-0.7522140511649077,-2.728485056723615,2
-3.442014020291225,-1.4769339339366343,7.338114304513811,-2.304131712569805,-1.9219912829539667,-1.4413218802586307,4.87587949038724,-0.0894934073538681,2.345897589019038,-1.9815988591174674,1
-0.4439913778679042,-0.9159617536999785,0.8558040709567779,-1.0363979248910922,-0.8622112157782653,-0.02979855600279635,1.5424522611483047,-1.0728422931626356,-0.8324840889434246,-1.6052353336316294,1
1.8537130276756213,-0.3263335657073688,-2.1208040680991047,1.99683747650236,1.3668924330812833,0.8062353334929555,0.1823667812511498,-1.748013693628663,-0.7142422467978389,-1.1925337834175433,3
0.5510013538657941,-1.3894535097427898,-1.569209432076302,0.14968863804052446,1.5981755533713367,0.941595455535966,0.12899272934556927,0.6286108990845968,-0.889296648659284,-1.4762670952456758,0
0.38710903367035665,-1.2488031324896824,-0.37842025364083587,1.166322743447727,-1.0014061613583545,2.6781945828296756,-2.9116825972751754,-1.2346415233570895,1.114965429221416,-1.880305111272619,3
-0.938123233166353,-0.3931028374395457,0.4041191879426529,-0.6690997982258141,-2.8792574126847184,-0.18218687955439694,0.409884694125087,0.4789115933028156,-2.4861393628666106,-1.690110206101744,1
-0.5084442693645868,0.8090076368472653,0.6112151690582404,0.5883185878952479,2.062614863168893,0.7300159481943497,-1.7009104656818708,0.6330949778695086,1.6222274014477351,-0.7234499051913132,3
1.3973334139396254,-0.6038845439405806,-0.218578807517545,-0.3205668056570228,2.729791685031053,-0.18416238111139505,-1.7186366434149378,0.17478482580652052,1.9997180375915977,0.4002661714618223,3
1.1485279398148351,-0.4885941580995001,-1.6973534859675667,1.1834340420146248,1.4227575142633153,1.1872173665102694,-0.10449279534873401,0.8219197950467836,-0.36434600742949175,-1.3234000523246112,3
1.1965178255681639,-1.2537135875801377,-2.058498189519958,-0.6624979991084241,1.7943353767724244,1.9646517188345662,-1.7029085320500956,2.531247233263117,0.9044515674083939,-0.3007931637688003,3
1.0901788728314288,0.4720883506306324,-2.23454340424036,-0.32832437886232135,2.9218237471557718,2.428332878692602,-0.07006247902591323,-0.15206328166124988,1.1870859336096604,-0.44390229436922823,0
-0.8121795209700922,0.7215854776857895,-1.7209139776407723,0.6607528633253859,1.280991075912249,1.3257254819855582,0.4725710746579249,-0.7748634862379843,-1.6526343935437815,-1.2904672954521073,0
0.1690740030959934,-0.004129241783379574,1.5195086615020896,0.9910180605864527,-0.20923237594887611,0.43283373074625375,-2.136964048704873,-0.5865287821839787,1.686117138489262,-1.2944288051398587,1
-0.6430627745977051,0.038043810189799326,1.993896669682589,-0.7376068841478305,-2.0559532510245946,1.5786325567570811,-1.6282496833806797,0.6623056457282293,0.8303876784468327,-3.165200390533472,2
0.9142690117507121,0.5298378960650637,-0.6457194137132749,0.8656868952997329,0.7177869094904414,2.1282017085286054,1.666491992740463,-0.8326042490427499,1.4519887484907104,-0.6398342059673509,0
1.5972683424379297,0.701109124798477,-3.3899816795292423,1.1053256567883873,1.6039635311329823,1.301229836441413,0.9067782195255375,-0.6626763009915833,-1.4168696360866035,-0.3726230029634333,0
0.12664531611466479,-0.6508260249943387,4.193751087914762,-2.111281397195812,-1.9685371055612582,-1.6589477972513176,0.49374460591340585,-0.23920401739525404,2.029688650989484,-0.9230244762066713,1
-1.249680400559777,-0.3195506422953036,3.5097392711308824,0.18229575214813654,-0.5440768711325864,-1.3078449187185637,-0.9535590393039439,-1.9682706341893295,1.798494767714848,-0.2935986265191606,1
-0.3292765201187664,-1.1231623263411525,-1.0378265533403113,-0.6016526439008336,1.632294987381112,2.3495177570106747,0.17157310567768613,0.1782435176836276,1.839462700716656,0.8776017503486395,3
3.625378792848606,-0.7962136850857378,1.241170255630724,-0.007927832507824917,0.020070622551499495,-1.5535475738331392,-0.7146013442561033,-1.6423579153905978,0.18178946757997982,-3.831826442037386,2
1.8121275676398534,-0.13803562188224064,-1.3391513009345615,0.4011111191913971,2.176671645648637,0.35844699454426343,-0.7944029809165349,-1.5299242320096162,0.7079593575642311,-0.31679444635540155,3
0.1359722726446092,1.122513981992394,1.3862688605630944,2.3941998266957354,1.188530252680563,-0.5861324422765068,-0.6426366730164418,0.31675411761736444,0.7711335815141728,-1.578475334973945,3
1.0587242841943054,-0.6557429547644712,-2.193838349550963,-0.9464800712681578,3.0456417012178414,1.7708094127576373,0.004581439911606977,1.1567098527264343,0.3881590565541386,-0.8837442759168022,0
2.6280388505459165,-0.9001347629725085,-2.2047313219276736,0.522473030649707,-0.6940459820888202,2.3313799646839968,2.5454793767015698,-1.5809355206372318,0.6913917719875338,0.033362972096874444,2
0.2841076657645407,-0.3425270382873943,6.618450182190959,-1.2063898391173136,0.3837466436466892,-2.284208173615976,-0.5458131100805355,1.2136369917167649,5.817313631936032,-0.2472617291245287,1
2.2954075922319657,0.12773455294429992,-1.6453833145419878,0.0029944749566751527,1.8856865035165464,1.1387126072173064,0.7531293257792997,-0.5046946897455464,0.6903081027905493,-0.925124421310925,0
0.5392324965989819,-0.5384415296230124,-1.0864206778121814,2.803567285136669,-0.3596270165777039,0.5426463788308558,-1.6413294416199018,-1.029879858544512,-0.7806525165036349,-0.778753056266718,2
-0.8450508476182095,-0.0871761614259313,-2.1449362516958947,3.9375834107439833,0.26104377786321864,0.7012614206129797,-3.1110912936282973,0.48819777689128646,-1.95509978595571,-0.17732851840720099,2
-1.4048898790969426,-0.44808162373737237,1.0537234450479394,2.2555535659707604,-0.48921409579375263,0.38016546928897776,-3.3749326624654628,-0.33192519334705567,-0.6955242306200808,-2.696163185977076,2
-1.231335553202015,1.6449142097286245,3.1298066557812287,-0.4839558816988939,-0.6988419903336789,-0.2772478130076991,0.8967583178741771,-1.1864699217971546,1.895159479184613,-0.4616018098556598,1
2.0164875493612877,-1.1845085301794887,-3.911844914668447,0.7682683529438177,2.7012833460906007,0.8686352162293443,-1.2782463723791817,-0.7636308663285756,-1.4839802049742494,-0.4587699099273279,3
-1.4981511845321127,-1.551193836648253,0.4099876894797476,0.9967731882972131,-0.08189903821718103,0.2929837081810014,-1.5551349728793413,-0.4884213359563802,0.6046108920730766,1.0960715772242486,1
-0.08095053103782068,1.163389549889045,1.5211624968615254,0.5274164420270117,-0.6317794895003501,-0.4408107567508661,-3.5784017444222447,1.7337307202100498,-0.6655718516512114,-3.6697142783709897,2
-0.26916066271185,1.465578289745381,5.799733720905931,-1.4868119223837974,-0.5655794808747809,-2.0760179990256393,1.546896365045932,-0.6989769412493453,2.1115705480044165,-3.4954814069099105,1
1.0845054686821471,0.9989364865930185,-2.343314063693605,1.6596539341853789,0.2318821210725226,1.4228112495058227,0.6269337273540336,0.4314089669663246,-1.162869633266657,-0.7812392023296871,0
-0.28118141881969083,-0.37092351114980154,-1.5476256018076466,0.6720285691748198,0.28386257489294753,2.1925140115636745,-0.5407565780426757,0.6782868707071752,0.1802350322388877,-0.03231071760833448,1
1.6282628179021637,-0.28956287144711274,-0.14361254639131027,2.117685669869343,0.9713823841776783,0.18057595084156852,1.2786483266579536,0.6918356374107179,0.5219607287178115,-1.2564922009368265,3
1.773117140813802,-0.06981039017768698,-2.195471864543917,0.020058510598284895,2.5449125738799467,1.1717392748560371,0.4674511113882692,-0.789518839110313,0.1297237210550688,-0.771608827259167,0
4.115727699045298,0.5326488764818643,-2.879552127384172,3.4386406022588933,-1.3312321235222306,-0.5505589712778334,-0.029559548592268836,0.5438297064032385,-2.383334100708068,-1.2534449019412457,0
-2.9458596200856224,-0.12177312669317193,2.6580039333538865,0.9976579534231338,-1.2933030849527227,1.4462899843649137,1.0596405590586657,-2.6890425147584587,0.6451858456179407,-1.9850800146172225,1
-1.4173413763397278,-0.6138270186937304,-1.4626146257165007,3.4356360279302365,-0.8601145388843083,2.537221165057884,-2.0476486736776645,0.12642440812473676,0.20208319963988974,0.9154526855647711,2
-0.6126392411805377,1.0101906122357613,3.6882312922748786,-0.3764841643087825,0.18418346715226952,-1.1900343798852235,-0.8300306023884578,0.7817716643021211,3.422694602419851,0.7723308777848539,1
0.5850354120302521,0.6859649334136272,-4.8582401705440335,3.1875239913796665,-1.474940385000481,1.8340794500759274,-0.654554602828457,-0.06025136786417357,-2.728838878755535,2.1583905429317687,2
-0.04531194862678034,1.3522441416460782,4.143206935297322,1.5969597837798042,0.23818794726379422,-0.8878970282541827,-4.367653940055447,2.0413160322592208,2.999712180246096,-2.712276386585394,3
-0.12341135222224064,0.9014341651353672,-0.43107921556746465,-0.3506936528110487,1.298413557547279,2.691611790465614,1.0892740773633502,-0.34275849308682865,1.713934943966978,-0.8254784897509266,0
1.6554835630391591,1.0151438399404868,-0.9574378778781848,2.328391898894993,0.12458651436683343,0.662404576584636,-0.457620772846961,-1.936743490127042,-0.9942282317224538,-2.8148651800965263,3
1.1244404506395196,-0.0006814094431951005,-2.14239189880719,0.653103921721031,2.056343894045197,0.16916215840063353,0.9499546334102876,0.2957256262707503,-1.6035979788774668,-1.14056403080509,0
-1.9605091175330482,0.8059540797314746,0.18512073516137112,-0.5435979750946982,1.9894643526392333,3.2178037385621,0.6252022301535194,1.9346252967373612,1.9407131126590267,-0.9813143731458339,0
-0.4767283961281884,-0.7402293871800347,5.744367493017975,-1.6955536704657663,0.4303883798350099,-3.647356995849883,-0.8196278295996802,-0.5377297505004549,4.59665730112353,2.193072162531564,1
-0.06724080525259146,0.49578427530007935,-0.16593129609649424,1.2097263775980174,-0.15254721763465995,0.8688631551769802,-1.1525108105230557,-0.6027970090177134,-0.8391615360944713,-2.4873427480874817,2
0.11631376853977382,1.2693082882918496,-1.3804262407652148,1.178309878429061,0.44618614294015924,1.0453138974257519,0.0055581418347459,0.8830367785308805,-1.3150995667274838,-1.5384137477846316,0
-2.027463963800354,-0.4440169771109373,3.389032246406189,-1.3190259628485852,-2.630594494807815,-1.9775680397090716,1.1255073580605892,-0.9352627952980184,-0.17230416739146248,0.31524248176968084,1
2.8636704016673833,0.5366465784709282,-4.1295706577188325,2.763346938754414,0.8813012404158409,-0.28131078884874117,-1.5871315348085293,-0.9231741954719951,-2.2564006654986595,0.5612626062969759,2
-1.291777127564942,0.4341294250559228,-0.09616633162984467,1.3122005062397055,0.02609883583312511,1.1850886866083978,0.37065948970506846,-0.23569038306016202,-1.0132059120197991,-1.8465728468480154,0
1.1146243855110374,-0.22385923261752505,-2.5836574034802764,0.9797634090361456,1.216436778976047,2.529785012978556,1.2995291466844257,-1.3387740208898824,0.3255266591020116,-0.013036406160413683,0
0.8857484806784729,-0.5646921157579213,-1.7123212042799203,-0.5478934207001604,1.7459361577853336,3.03778827660766,2.8622190303375175,-0.4470964512891947,1.7113000102585914,0.12612618192243752,0
1.9390214462505861,-0.3451496572880415,-1.0673425072027602,1.2999561921551228,1.1127845755643977,0.3703626057778737,-0.2319887716271124,0.3223746965844759,-0.10437899495102232,-1.55631831531324,3
0.021079502034579534,0.22663641748209828,3.4233817337634367,-1.369390950933627,-0.7311974187377863,-2.662803559753696,-0.5090088375494266,-1.3081889298203062,1.1405062914806634,-0.31824499138483753,1
1.1645408497948617,-1.71510014332287,-0.973528810813994,1.9726038583314023,-0.07198940450997493,-0.9078619090608133,-0.3450540298556968,-0.4903517675118684,-2.5817180103559534,-2.377476189578127,0
-1.9408014223360623,0.28980574199839365,2.868550164955329,1.9870660901456034,-0.4626615183227516,0.7693526221420106,-2.660166479203665,1.2523993796287587,3.1655662580862933,0.38529701552983076,1
-1.457227596060842,1.4771110828815874,4.210856040970128,-1.5025172254914052,-1.5590467354122184,-2.5252123968356117,1.4242328306437273,0.23100593173048486,0.29640105303381625,-0.8938485639927214,1
0.9903866925994794,-0.717736704047605,-1.5978222971228666,0.5598936413688438,1.9560758391553255,0.3552423505187089,0.1384780318493627,0.7534699617688799,-1.0086536130987027,-1.4440906714819381,0
0.1025352736503422,-0.6683612761723191,1.3463568579613208,-0.9886538856192904,2.5229671161137146,0.05832719823211718,-2.9502272271392913,0.9594427089965875,2.806994504132247,-0.35824556296801646,3
2.262764875112286,-0.16796036964655253,0.47309881673490195,0.6672010352597311,1.2325570468671359,0.0476588787456278,-2.269043171595471,0.24767206468977693,1.9734222507181407,-1.4338228501311983,3
-1.5983686410811857,0.8452213627713431,-0.5482269868436982,-0.027383100063738786,-2.259869497767399,3.420731183752833,-0.8364788905190487,-0.46666692701793866,0.1803356889033576,-0.8078663743918916,2
1.7584345997154927,-1.9217560487326542,-2.651546874523083,-0.589368656623142,3.1896065256541437,3.434001703780191,0.5639530694644161,-1.982116749044131,2.53789569865498,0.34260489007339556,0
-2.1737005648781897,1.453770954958518,4.659044306511413,-0.29868037445812,-2.4894537432403236,-0.8586402485018951,-0.6546855939480256,-0.45684229668348014,2.437412978798905,0.20054259914580785,1
2.253811298957247,-1.2758756158061375,-1.912679106001982,2.4240734574088116,-0.6759635675033018,-1.0425169743565226,1.1005699735532146,0.7064056244338486,-3.130682582687791,-1.7633551012182402,0
-1.5886422222649816,0.9363962849613726,3.971859761459749,0.5321878482945284,0.7846153252711803,0.011543016747813661,-0.21883700750996082,0.3332937166127775,3.721168279151334,-0.2943003345492301,1
4.161313702521369,-0.31309666098906663,-2.838999629162243,0.15549559244244127,-0.9116620012056362,-1.3087605721961988,0.3248132628098095,0.6813541422662691,-3.28998061351433,-1.8969115570180526,2
2.112478125055225,-0.042426705617893655,-1.1505046032722344,0.6087638055565684,-1.4499375230535931,0.9854139885435592,-0.4512774806023552,0.112185759091425,0.12511074000418554,-0.5257446815837663,2
1.9940498747690865,0.11843727708998884,-3.5842504911824586,1.1527794311628472,-1.0707708003225644,1.6365123530889167,0.20309952424986166,1.1011776699620626,-1.3770540635601538,0.6915628755177594,2
-1.3296541569785099,0.17290622295445826,-0.9159333113342114,2.4023005006429465,2.008285997379897,2.4200945686269444,-2.3398822408859585,-0.3238150801807051,0.8085867866178682,-0.9308707285181839,2
-0.06282158600185805,0.9215890873115105,5.90983658646632,-1.7619667070661404,-1.8020691778225189,-2.3107818630278434,-1.0819633847490033,0.7232644762557399,4.579910997424561,0.7581749489388374,1
0.21191689814691161,-1.724096361593179,-1.0500149871294724,-0.19241198818731053,2.5839660234034567,-0.5416799152706835,-0.6693228994566494,0.25619624619304904,-1.8924053113497785,-2.34665340133112,0
1.1645742528734715,-0.3100987933768239,-1.4982856047999906,1.8675080626270377,-0.7361026310983243,1.4590179881380116,2.184493910875851,0.6317037077345713,-0.598648046638625,-0.6489463548904318,0
1.550901477847333,-0.47195076926388085,-2.883496472020786,1.1162170533765146,-0.522219407093556,1.675449022047238,-0.5067081909041493,-1.3214624729985989,-0.7516616793884857,0.3002612408940082,2
2.2583628573888266,0.4017314054166394,-3.7659330178421593,-0.813109288904565,2.249312173217847,1.653022385601784,-1.3998802910607901,0.7116102236545875,-0.471487268828249,-0.2115066945880988,3
2.018599584837779,0.3249845745767454,-2.6235552201890093,1.3867478788619467,0.7114136199407874,0.8010135829873098,0.8293656806839017,-2.5452495496365364,-1.3194424177460626,-0.8350984871897549,0
0.7570620614602869,-1.2890500046726057,3.5714468598993347,0.5489560863562063,0.9816092303763218,-0.8477244678711435,-2.339132341517156,-1.3023663190646029,3.9368791922509927,-0.996225218137931,3
1.5616581639656206,-0.7730471867768427,-0.827283027684174,1.7964660295491357,-0.2974645171797963,-1.907656986332786,1.2736931974890302,0.5670692187855894,-3.4466239795710614,-2.5217860173349917,0
-3.184072609181322,-0.9058096232571202,6.31287608796672,-1.2438984229624879,-1.7921351763996296,-3.3363568407844912,1.7468850155428668,-0.5513803332265366,1.0228338691942933,-0.42017651043886595,1
0.18846112318506825,-0.813223031633301,-1.773965717981083,-1.287213738743997,0.7804028834240122,3.0313726036362563,-1.542940358528674,1.5974233628262424,1.4915067739099703,0.30537281351087575,3
2.736673899067166,-0.6207181230425978,-2.892324010441812,0.515230593226095,1.7714439163572773,1.1577314406715118,0.6574714331795035,-0.12310986353093074,-0.31697869955411684,-0.6660174372251614,0
2.9972745495135307,-1.569883927543632,1.324257025069205,2.9482774758218606,-0.6534438044373074,-0.2744739582605342,-0.664049753645482,1.243875040571261,1.8955966141865122,-1.9802297712910795,3
0.0018720685089625988,0.6923145736406997,2.4557053657053367,-1.2308558807850078,-1.442782157509186,-1.7622447754242279,-0.3950393959656959,1.9233718797298098,0.06316189023324403,-1.110471001845304,1
-4.869335563573289,1.7573096398147392,7.324923614505075,0.17185476063929306,-3.3022103660429973,0.39832300753688044,2.076842767365606,-0.16855634638378766,3.883568215282809,-0.38428058139803767,1
1.8522613677630115,0.1451563668960057,1.5059172129430343,-1.141325071762789,0.6902352154842331,-0.24854103446532327,-1.4783421299295263,0.14120181248902403,3.160770208891881,-0.006408319242859228,1
-1.7766413207043215,-0.6136027640233338,3.04620363690868,-0.0169070593395777,-0.26174071846607916,-0.3737244592967798,-0.6430506396177951,-0.9184488225807672,3.34019844017972,2.21972778210911,1
0.654442767954744,-1.4155339292881792,-1.6632606200763966,1.929347520724173,0.7637933801349401,1.7264459810635273,-1.2982787275705254,0.3917029056213892,-0.47417622298836437,-1.6998865044847626,3
-0.7078883236018156,0.2598012105948643,2.1150025834900044,3.158764627189854,0.01094521843990992,0.0892389648369929,-0.6572409899618948,-0.6102559003644767,0.46482134161320177,-2.855561700411785,3
0.21437701941176335,0.3226323183103053,-0.9201780200983052,1.0134909759770767,2.3976855127139034,0.7651061356554267,-1.4813404345301389,0.6521535261796981,0.8056214660994764,-0.14553358517827875,3
1.3429350490954173,-0.6730924391780935,-2.7546104423527957,2.441995075945557,-0.6127004011202395,-0.7908520064911799,0.6874825997663174,0.7711128068029514,-4.35744349100077,-1.7145888402804492,0
-0.21820703928002305,-1.0865865087360398,0.38701536134885967,-0.023398101185742926,-0.6433370369814422,2.3017154713540373,-0.8154413695434883,1.0933590328972784,1.4252732580636187,-1.3679847921534245,3
1.4265133207045189,-0.7897743406749475,-1.8685063967414473,3.14484072834642,-0.3777273080057195,-0.9448860394814174,-0.6257060739258213,-0.06541445813544404,-3.3393966155669417,-2.027602583556323,0
-0.7425683839680262,0.9811888278224382,4.885270256496947,-1.725454271029173,-3.244008702561099,-1.168745606793449,1.8001136498467156,0.19222268054730474,0.6849768736711598,-3.1960411634536534,1
-1.0017820817025411,0.9124665694033126,-1.1589210238468066,1.2975129838753667,-2.704682540352346,1.6827260882486328,-2.6933730911303044,-0.6127045293578621,-1.2882331860411387,-0.2460729274029294,1
2.4023721692890403,0.11255326425186621,-2.70884623497992,1.163719378767299,0.13865783600229653,1.7563425454685313,1.1889713495891452,-0.906106530576663,-0.057517197623352945,0.02637712459136976,2
-0.1691651158398999,0.860705172594434,-0.645306391089021,1.2926335976051049,0.29392596017187544,1.6760379398391847,-2.338267671160893,1.1026967262900866,-0.07724124380182995,-1.9482287883461393,3
1.8054927602034319,1.138503639593696,-1.4940654501402455,1.4987230344306832,-0.28267038705717895,0.10451059042445987,0.06731941991475154,-0.10287464612607856,-1.6986489432001919,-1.8913872403117438,0
0.7191038184499512,0.21264607619734027,-1.3124436962592152,0.16119787139706687,1.4216005069407742,1.6500715449158798,-0.4751894881225258,-1.0426822762960921,0.23641029161064342,-1.3625501410468446,0
-0.18671772881981097,-0.7556191238075392,-1.8566333906913248,0.6231503994102617,-0.246809144932833,0.9107570745126928,-2.23658236282966,0.3402758627518537,-2.34553496962444,-1.849503319184548,2
-2.494571597421612,-1.2940480543188981,3.957250956998805,-0.9302265554860254,-0.3494732552591706,-0.10345227628884279,3.5303516289569576,-2.146055106718261,1.705974119133519,-0.9059047551435099,1
3.634989744743649,2.312481905516079,-5.34147727304771,0.7046381199983405,2.905123432354621,1.3720915722357674,0.8110963610180488,-0.20165791269967645,-1.4974214390021627,0.0880013024850641,3
-0.950555371808306,-0.5488186913802184,-1.3311382547405581,0.4653606945193952,-0.7057628377694001,2.922625040538616,-1.4312921972471004,0.08883309890077759,0.04633801354951972,-0.6071069868740178,2
0.16399039469294796,-0.3532278267338046,-2.021613184032323,-0.20988324289012272,1.4630138452519614,2.0566283706938604,-1.4546085753435065,-0.10618786104854232,0.4061020894823332,0.035790790213723334,3
0.0887491281675834,-0.05842854325435377,-1.5652582906858177,1.019307499625024,0.3360339785783443,0.6772491965546094,0.10095048130371809,0.8395773748118313,-2.10520781834094,-1.821889195634883,2
-1.1200689789844078,1.0797023647287574,0.45109431572068925,-0.8230470854246517,-1.5421474025094732,-0.12740855808439222,2.117108881822619,0.1860663360952508,-2.775515766671842,-2.6292198684920662,1
-0.21068302353969415,-1.63033164455577,1.2564709289181604,2.807876968275185,-0.39850626059209304,1.6569119826393677,-0.954347325335132,-0.36025990152728143,1.679150053598538,-1.8783328333645115,3
1.073774022396278,-1.526322771430508,-2.162373470345511,1.6054121564269803,0.41978253752961225,1.293032161159089,2.4574929620319352,-0.6625441002745424,-1.023716034223302,-0.4088507257787579,0
2.475210039028298,-0.5167840952112729,1.002003512423467,0.8686296273705293,-1.826849141306082,-0.47278885976040286,-1.261589772081486,1.3807529677862802,0.6538884978361772,-1.9186379023893956,2
1.288884748588144,-0.36391333207900156,-2.4182503072568577,1.3458636331536198,0.5140123918658086,0.48995568789060817,1.9200855230957163,-0.883853993049003,-2.1444615592574565,-0.9817173403142567,0
0.3385831726737756,0.7705010183921014,3.0126549864182137,-2.6832126343830316,-1.9285498811342583,-2.9397954997373814,-0.3120051521074454,-1.1759135156696274,1.369070475721362,1.7545581138736446,1
1.7912805529880347,-0.6910141872962882,-1.8695034834599806,0.9016248217304099,0.030529174197401532,1.2358395100898907,1.5229164664853907,0.9442086465859958,-0.6205226714840223,-0.9356384865824436,0
1.657078337870741,0.5646810681327797,-1.702848580746796,0.3131829314214635,-0.43014647895679525,2.762629967064467,-1.0155893436871544,1.5193835478035362,0.9784934801528142,-0.9997933803971973,3
0.8691460659426492,0.394228392518798,-3.3164907512165565,2.164678648449022,-0.5947908742621556,1.4926509219560893,0.8606438969373391,-0.591040671314955,-2.4650816696281828,-0.378516540764257,2
0.8566888001664618,-1.8868375081077238,-4.590559167914234,1.344567408559195,-1.8411136137605184,2.612925160145358,0.1175454743033677,0.6137462931064309,-2.0418825089549317,1.7491457177613223,2
1.751196569371178,-0.5689465122804294,2.9326269881280855,2.6083691135922304,-0.5867486252598135,-0.8349492281934854,-2.3994616621313067,0.878651675380188,2.3341707801180736,-2.569239516407808,3
1.6986539416733981,-0.8058102916852656,-0.5453318783974395,2.6517355500296302,0.49400555722843276,0.2737510791007931,-1.131871214955952,-0.12351627109154253,0.5022369108873663,-0.9624007572459214,2
0.8283590558744831,-0.957168769241226,-1.8394407567152056,1.6793215227343854,1.4144992944687054,1.4181359129785065,-0.41884593608636045,-0.20441998158067412,-0.20535922714914068,-0.8570714794844805,3
0.5629878071259506,-0.08030060220394074,0.6475971304458289,-1.2427580046831717,-0.8200746042652349,-1.352630161868205,0.060656169370214896,0.511010278770317,-0.9252285309655104,-0.8030179467511718,1
-2.2460987324973507,0.9899589256808854,1.4707187212776291,-0.9305483603572489,-1.0715078200792758,0.8451177115770141,3.7379643005220373,1.8456455692743152,-1.0437901129298304,-1.8971652790110127,1
0.5377506394614948,-0.28852361045014174,1.4101894408539153,0.8194263570702993,0.8352201269912716,-1.5285080360604124,-3.540740168663171,1.6267143659960517,1.7311155203236714,0.5743166480811237,1
2.1343356222033365,-0.9257208874157766,-2.4546378398128557,-0.9376668971305893,-2.5168193046719587,2.529855962606467,1.222657699528984,0.9474315655153154,-0.1540878697479272,0.2364602190578795,2
1.9470578525353481,-0.7222187689499412,-3.381464966090495,-1.078216190310838,4.59652142488158,2.0080714272338143,2.658664101810026,0.1345889759377787,0.9235636017179396,0.5648921821690545,0
0.6163518177604811,-0.37195467490632816,-0.3313255536876374,-0.7928109931081389,3.191280811559889,-0.5959959711170126,-1.3689552123129578,-1.1760820724323144,0.49423038951437703,-0.6401768820416235,3
1.565011628203409,-0.2866180384982139,0.27274946823087753,0.20818078341945145,2.3523887230955274,-1.0258466443936247,-3.1177314797070905,-1.2260473960896476,0.8143399135494678,-1.5052784266485235,3
-2.4900614386372846,1.9646544124099643,0.15570551585352543,1.0517878446964601,0.5656282833133356,1.7707250144567095,2.2050841378276944,0.3618568656488565,-0.6679058217773064,-1.2829546835773196,0
2.008469730370928,-0.8482327701681013,-2.815084020681141,2.781398937614762,0.2006247395058497,-1.745812894146877,0.7311200264280966,-2.2168215039038417,-4.552052331098226,-1.718788692538862,0
-1.0014945356780496,-1.969684456351816,-1.595717025135088,2.5494875291543364,-2.4279683368485054,3.2744734115993177,-1.4776555899137627,-0.10057365354972804,0.8646365991988281,1.8559887922175675,2
-0.7689603749710643,-1.6457162846736633,3.34618198982868,-2.1400643265662027,-2.2479871634666164,-0.6871855814751764,3.430744066185885,-0.018526961698505685,-0.3814276233202929,-2.9858173423219023,1
1.7354501113376055,0.1950736786657281,-2.8871711712498374,0.863075007971061,1.8709147904493126,0.9475774271458156,-0.9212024677892867,0.5903428970142299,-1.1532542919910926,-1.0848363738434188,0
-0.9249788402550008,-1.0476236977701687,-1.7948993298102118,0.8185187145389785,1.4875839301089933,1.9468267925435456,2.8784241811653546,1.3007918992485574,-0.8859147344632059,-0.2917256852676532,0
1.4107077817182383,0.6485776726027095,-3.605111669345625,0.7619427366870538,1.5676116561709326,3.382119568056507,2.283351695671479,-0.7114607938582533,0.6301789422972797,0.8483302210560804,0
1.2984144108888858,-0.08305129483526144,-2.7570491518724287,1.7088608449884786,-0.9708210833344235,0.7622096292037283,-1.0392835556402529,2.5353757480395003,-1.9852293855573835,-0.1870888798430509,2
-1.170352885453096,0.8166121536347003,-1.1953015519441195,1.2645377310078587,-0.7988961706626498,2.731749039505158,-0.7664998550009428,0.809768308345471,-0.37405162897670574,-0.8492339179949078,2
0.01894786934166781,-0.4197676934168404,3.817392202306646,0.024888616959832466,-3.9949200631453166,0.2058361825626791,-1.954899817138867,0.14058191718395388,1.272079095911963,-3.422920746581939,2
2.0928167249236678,0.5890435396780328,0.039050932063031785,2.533130467920764,-1.2354952115003344,0.6854577639409364,-1.4904624169322642,-0.8259475130812093,-0.3679924411792417,-3.553099261992852,3
2.250625513585554,-0.8429381928657882,-2.3815268491721557,1.3592367683991577,0.5287853878407435,1.5023848087233889,1.8548198365544892,0.5007712941202096,-0.17284910325422265,-0.3553308388476,0
0.2881330695122136,0.6507410370664645,2.1714589136672457,2.91592432384,-0.37966801319835475,0.9118732595948797,-0.10085371025442202,-1.7602050561470506,2.6330236794058495,-1.291215780342912,3
2.237128630613083,1.1720107413805076,-3.420880428095482,0.15695492621933815,2.3776197262436054,1.8152723215626776,0.2498483279396957,0.732244186889558,0.34534682879839784,0.531081068703793,3
-2.0070703308077316,-0.6125935489400272,3.9842107025008353,-1.3496199995941105,-2.7135982123075792,0.1773791704904375,4.030963933359917,1.5039565336216543,-0.6055693851393382,-4.132070466096494,1
0.49589092230347975,-0.7868969517266005,-2.0421041198160554,2.6919789778081418,-3.770916986188599,0.9387288974863232,-1.8679586797445125,2.738994127673045,-1.6211903807385109,1.2450790670498568,2
2.267991593526353,0.029094673412294915,-1.3110796817904407,1.7238994180505645,-0.10815509653267985,-0.7817816917829021,0.08890917610912186,-1.2518429594247726,-2.0019249671367287,-2.023185486443576,0
0.7759586144242563,1.2839570766734367,1.9397637598021837,-1.8746216041595236,-0.97429807071989,-0.8821765034661132,-0.3642579071604566,0.2740908281706544,2.6353468027872218,1.7217224343470066,1
-0.49157556248708223,-0.19192807040910095,4.525255318212644,-2.912982964701121,-0.4567831488442864,-3.3061389530066854,1.7753371681683903,-0.6338546382772227,1.1720651341176007,-0.5162720487055759,1
0.9180250320666128,1.7785154362651796,1.5351187835867237,-0.7456291110723265,-0.606442679130848,-0.88132360732683,-2.0935380877921292,0.07810120108432671,2.127448112738169,0.8692155893289726,1
1.7685657511108914,1.9469123360789875,-2.552165904745106,1.952684426984066,1.0147938420152929,1.8878602233047435,0.24903767006378907,1.0048722690599978,-0.19803297084820537,-0.7997188441090832,3
1.2500206157637939,0.10703139880324217,0.2642616921981287,-1.489676218024507,0.5777147528168187,-0.7556107815863434,1.2529700467618883,-0.5733781118589595,-0.6758930848846363,-1.9235328521846855,1
-0.0007232640385792521,0.8266474465370726,-1.255810251378414,0.2650742122746098,1.4148488222216296,2.1797041216166884,1.4349007214325824,0.20895445213315375,0.5053163913531049,-0.6219754937533077,0
2.9318978685315598,0.31612581635972364,-0.4006438138094946,-0.8226999633661789,-4.945276369687832,1.1099279942076874,-0.45677116335022805,0.7434729894280655,0.8331092280772978,0.39506673001897763,2
0.8910654008976007,0.36231500116080956,5.581712869709214,-1.7977276153991353,1.540123919692709,-3.858108114196408,-0.6344103555286575,0.4921774034283972,3.846007563749316,-0.5754482507467695,1
1.9491904811547496,-2.0348954834495037,-2.7821200404791817,1.5002035765878459,-0.06814264200154363,2.9671402441868397,1.3080960017320842,1.1287067208503205,0.6291153457519356,0.1310636452900964,0
4.459510991324059,-0.5150954835180395,-3.7341221812484924,3.271189685928232,-0.9721564963739506,-0.06710855812454097,1.9919428947798599,0.7937157620774362,-2.2794326948873893,-0.3218086481915041,0
-1.3377673490032977,-0.6853851123404602,-2.543215554146374,1.9125785084128208,-0.3201768153205746,4.070451873464304,1.2558564843912419,-0.017378600008166226,-0.2622859545695403,0.22087090034472867,2
0.8693680604799652,-2.18804300441,-2.4808229533550006,1.6723888724360116,1.07511184386096,-1.2270043439774003,-0.11056567372674886,-1.1540398793210471,-4.158472958493047,-1.9857845539727794,0
-0.5515909351599138,1.2601095323954874,-1.7867467865142936,0.11237047360777674,2.6307288219910987,0.8075944023119612,2.8609663448317004,-1.2300530274124641,-1.5036808798453427,-0.7505023033375279,0
2.2344629845051482,0.24708518709962754,-3.4206662959413903,1.3574026380587658,0.5579376473930708,1.2938460823389435,0.3752401529516859,3.555617129553276,-1.5745825968672427,-0.7040637564376881,0
0.05940545159444821,0.4488200910708117,-1.7775879279136753,-1.0573302823342634,3.1539589145064197,0.6358533589328372,0.2858497193388836,0.4357126404496749,-1.2348628479880692,-1.6052962868564553,0
1.7921134048526186,-0.3059144876599708,-0.7038485542744415,-0.9143077974475802,0.1921928996985911,0.22903025847356817,-1.1823179710854006,0.42023033084902134,-1.0530988170033733,-3.0543048119393625,2
-0.9638708563905249,0.7261611599035471,-1.4218973582682066,-1.6708510475890916,4.353264554525023,0.5737000969002772,0.7647522067829706,-0.7730492250120511,-1.147202093889784,-1.5984906428276264,0
2.0140834231144256,-1.6865959597067834,-1.8389216644850577,1.0066812932776832,-0.217064637255602,2.6030302483294223,2.5559753457739554,-0.5738780590087155,1.307142455700573,0.300881490718538,3
2.5983875345462137,-1.3989750886832097,-3.3149438159867453,2.6332343589622016,-0.2698743799896417,0.004492583251798576,0.5787162280518464,0.6500191061181695,-2.8924802892970423,-0.9966721503589806,0
-0.00928975558279821,0.1876378543642535,-3.5348309950945436,-2.1739810854062296,2.0389101774817187,3.3683758050915094,1.1598519406734398,0.19711833512270038,0.5448633611498215,1.6179458899573702,3
2.8258267249949087,0.0867186667559608,-3.443860771514475,1.2271308815791455,1.0398426085378654,1.089844294744907,1.639682913441825,-0.8669707498280184,-1.1016778982147477,-0.23301405266199082,0
0.6892971869919524,0.06359628254429475,-1.865099510859757,0.5234843079090711,1.1646081083803468,0.8071296588009407,0.7914985642735644,0.6296701710517916,-1.398449048943631,-1.2848848782888922,0
-1.182531547945453,-0.3605427920675063,-4.259782340979274,3.6739218968066987,2.753778675535704,2.122960263097177,-1.4614060193378318,0.6353813812188407,-2.4816844297563905,0.0031640900283438356,2
4.668265180053151,-0.5949814292091709,-2.5338663053809056,2.684472785989718,1.4135536571372085,-0.14399242785859534,0.291560256134624,0.8548990367382083,-0.6470104710087858,-1.9118076662590062,3
1.710510518585541,0.8108187237344604,-2.0179267234875176,-0.9734399145547001,-1.3227670563543608,1.2158526588608478,-0.2805726853360917,-1.1707437774262215,-1.4941936540474055,-1.4923928509665587,2
0.5209718401232424,-1.2342754841278012,-0.2812395360733363,0.6354202452176476,-2.9476480390667743,1.0540772754671646,-1.8172232177865935,-0.777857258208614,-0.4173407837181071,-0.8251338053262115,2
0.5862715270208547,-0.7476020941242406,0.26233842050321216,0.3117796022212166,0.132935250555422,0.38328171730312777,-2.1253652940135375,0.5171354566044623,-0.39230295438930074,-2.924906421127095,2
0.8154439502428317,0.23221942967536735,0.5002522211942595,0.8731862888407913,-0.4322706639239434,1.0756218637711712,-0.6126231094728771,1.4072933035299422,0.7330577841305903,-2.111978178940566,2
0.8564199553232231,-0.036530349682143665,-1.46732826332437,-0.1176753375103552,0.9113220021423837,0.9426441557993427,0.15256723024093577,1.4951244101964767,-0.9783255782229291,-1.7038022038950902,0
1.451709082921989,-1.9583409157869407,-2.338286545447937,1.1448385762960809,1.3366683428888975,1.890471958151233,1.9797152750229687,0.6564471869104684,0.17318471362497578,-0.07008542383295036,0
-1.6595423333779862,-1.147057175402172,6.217688786080383,-2.096313990783144,-1.7210319908064642,-4.302369128831577,0.8190532850464716,1.887685776866593,1.6121276316664535,0.3155834946023255,1
0.8795608585509284,1.2163576184010862,-0.22204725956780658,0.030743558475403,-2.8969275564460526,2.5706341295219453,-0.7548688142611161,-0.1209618921899113,1.8045116685201519,0.2995957722246785,2
1.2201198797053157,-0.9356555423317963,-1.5181238851866574,0.1432116320220519,2.022175305556269,0.7410568483031166,0.18970377388616733,1.189876171681861,-0.38164163497203685,-1.4076317446923206,0
-1.8920361740591902,-0.7429073327812283,-0.5067744013079352,4.236162005484893,-0.8524630418035822,0.5573591890726419,-3.8132786067391127,0.05446554483018867,-1.5564002376675,-0.7595081984822174,2
-0.8918540647891176,-0.33290932998667877,4.333199435899639,0.2630633959529629,-0.6440680659313416,0.1550349272219913,-0.11109312068660193,0.6374816048363169,3.2741492184282763,-1.7619336401121874,1
-0.13155520315436564,-1.8632199337384816,-5.422470397876357,1.8241911490522376,-2.3131751749618212,2.3075674849678585,-0.6743096189106985,0.36861677694331074,-4.04564240283839,1.6603678379455507,2
2.8356429784694415,-0.12041671401989905,-3.1825383618361007,0.5348837309751504,0.13208666043618045,2.6225370507319594,-1.4391346616319418,0.26216196044069456,0.6471962749447207,-0.22465098681841167,3
-0.7840838961744023,1.3039743705145472,-0.15418893821944119,-0.6475740325739296,2.3885149924891005,1.271889161201537,-0.9072736427932613,-0.8717807697458232,1.9100966872912124,0.6915209253211223,3
0.08861738411058195,-2.0413893251399187,1.7196800086846609,-3.375735411945508,-2.149490464628542,-2.4440396013996994,2.406491885718723,0.534386305535943,-1.3240223629505508,0.021363960028324414,1
-0.12546028486758565,1.0348098433880861,-1.4049589609729751,1.4544786438579567,0.2992187269933012,1.0714723704003428,1.3650110535356015,-1.1268816461321651,-1.488294495089235,-1.169779760117197,0
1.5285415947372827,0.516950688562923,2.2989191239128397,-2.234940436284653,-1.3936646264989156,-2.263429703380848,-0.811692761640131,0.12344434578613944,1.2123687632951121,0.1023013045845389,1
-0.3432880020169071,0.17483730603549721,0.8717484893649087,0.22613889355680172,0.8435810132260013,1.1458332831401639,-2.4799303635697765,0.5632811347670267,1.6498120020299474,-1.3689154630528741,3
1.0018531743333976,-0.8773757845800412,-3.940137611213946,-0.024037085223653998,-2.994668569351825,2.598835032793287,1.3956460825777994,-0.8479267034837824,-2.5950315167117006,0.4771096498423766,2
2.978896517721716,-0.8429456615999527,-5.636912258352578,-1.2237080673863097,4.568544209139038,1.472300584790905,-1.0654931431718597,2.0598548112400503,-0.6902518773890398,1.1093676608923047,3
2.404626873764412,0.498467322614065,-1.4236616145399672,1.1827570233470868,0.14879247669134643,0.5390628548564925,-0.6838550086453529,0.09991984772490084,0.05555540240478929,-0.8419188738880774,2
-0.3414102091456832,1.2002739770213877,3.0329417965151357,-1.7112426098423414,-0.786633368563552,-2.163977592347438,1.412581970874145,-0.32356230923467477,0.7499655330497892,-0.11729144181696882,1
0.42091681550812854,1.0315437078517016,-6.488970555896747,0.625006155330008,-1.216539749651305,4.919366882691859,2.214848280029132,1.7107549430923548,-1.7380902015423616,2.9709828777758247,2
-0.3089903133734211,0.7483468268936336,-0.5955458434218194,1.4119423402876565,0.9091922138371158,1.2643487081320102,-2.924329730637731,-2.051259705080245,0.06340878606705058,-1.561812723408253,3
1.0009622336516755,0.2775241436342788,-2.705287015151839,0.6733281554342001,2.2130796092742924,0.11683147025439444,-0.8153913767041865,0.4512830666483995,-3.2749053225456244,-3.1187911675062323,2
-0.7673872539133912,0.008841772354883677,2.8594696672211413,-2.1096055658739115,-0.601401727182263,-1.527358678990497,2.6360273357874,0.22681908925404357,0.8113783529720223,-0.025616019006895696,1
3.7438961943640052,-1.7221016246734302,-1.7643259762938008,1.5578077753191293,0.6130718318773092,0.18811285745136863,-1.833777132415786,1.034319416401822,-0.07022600569094872,-1.869510490119846,3
0.04370022143392949,-0.8460972013395615,-2.5726375648602398,-1.0340173876346386,1.7236471843671244,2.6854798223016574,-0.6208028550530853,0.11874822003972352,0.6036473729440734,0.6338901104166772,3
-0.2746540415210832,0.9262687641225866,1.334193720074229,0.32619887711136375,2.5446488438322987,-0.0022586543280718185,-1.4055315865883509,-1.0785013395781125,2.389513762926644,-0.22472537542404525,3
0.3098497356011979,-2.1505243870347823,-0.36437225694053965,1.7754212837602856,1.1550687796686303,0.622790597125435,-1.7542708342786186,-2.07482191795682,0.28154006519579655,-1.2510339743123517,3
-0.26908530495556526,-0.7466375660204068,-5.350645543894876,2.0766365774160973,-2.415537395921209,2.059548732451157,-2.03446297613229,0.19043390801078877,-3.889210866788858,2.06983283641293,2
-0.16768083253331045,-1.0036927631192636,3.9816666514779753,-0.49192397896559126,0.8824774004122606,-0.40872504420674116,-0.6598297094814893,-1.10508976235815,4.68271551285496,0.24122457970248523,1
0.28032230633974786,1.2566136026534809,1.4869155400239604,-0.05268084959398078,-3.1312987615476313,0.8499499181328593,-1.7593758206867518,1.862995915519793,0.32910609338412367,-2.2747158667901326,2
1.3328068319181057,0.3269740534294587,1.8303764897013228,3.2635163041234962,-0.6661870650169348,-0.33173500394193955,-0.8463783441086065,0.6292641163439292,0.5507269474515767,-3.345796860013567,3
0.20087491855791195,-0.5421968218490776,-1.9634598586451024,1.6814386184598429,-0.03865056469073158,1.2163889947074393,1.0233093839307807,-0.08078194172861485,-1.7852216004859254,-1.0231210643226545,0
1.8055242163548741,0.3306174956029355,-1.509489878268756,-0.6260610090515732,-1.7473156738260445,0.15025153906016575,-1.1536699203617917,1.1514795942038418,-2.1739731379285256,-2.0241470915331687,2
3.33867813435623,0.05263122789364539,-3.9128450568967685,1.2495690937758734,-2.576590420333722,1.804517794291024,1.4503359488909449,-0.00044939868226160235,-0.6006255220191783,2.14732421015905,2
2.6382795477125924,-0.09497371410501602,-5.398110640774864,0.8970402343011816,-1.2819776207283136,2.1727091931450904,0.0805049352522682,1.5021708275409826,-1.5696477217813227,2.466764565809372,2
0.8384231217438134,1.9131450564730104,2.2964560794425544,-2.138707233020458,-1.4707751194925758,-1.5445875642204139,1.5595613496715923,0.021993992804293625,-0.1907336272941771,-2.0018654397665134,1
1.6642792524413328,0.39958107474559873,-2.065944333839089,-2.2135136094450654,-0.17923834489045953,-0.318384139310526,2.5893176188565423,0.5291835796169257,-3.3774372074256194,-2.2644875085680445,1
-0.8685178475557593,-1.1912146166826818,0.23161113108862552,-0.19837319743188342,0.9188266383941848,0.719118519865362,2.5423312971513745,-1.3557059602369106,-0.8678391601435296,-2.066198474450733,1
1.2554260622228364,-1.4601250751388217,-0.11530836730763361,1.297699965734291,1.5853955610233021,0.629988223506175,-2.202679366743832,0.18531814223287382,1.640441090969301,-0.8654792416802592,3
1.798005863657873,1.756970935637303,-3.6093163774114583,-1.1275803477249657,-1.379929264079736,2.26522777176035,-0.16298248315272157,0.09519325906802627,-1.3636425958290117,0.17459369868450114,2
2.102689360624579,-1.9098715729225866,-3.03049569190734,2.1228661707684764,-0.12746439587006297,-0.020062657437848852,2.3653741404927304,-0.5101838860318426,-2.9367181864626173,-0.7377938415137274,0
-2.753090741734294,-1.0049052999937846,6.295066138334121,-0.39534464042299167,-0.7968350437114453,-0.9166947571587359,1.2684873060914372,0.21259161494942858,3.8185573430458684,-0.5918479421938001,1
-0.3893905916683231,0.20239045730913388,-1.2898886002687824,0.23296794322740977,1.376394016075245,0.6565895130910676,-0.003384424745224157,0.1669672791078544,-1.7897415402776762,-1.9563787836620636,0
-2.146607800641906,-0.4185970978649264,4.83919514240569,-2.912995776433357,-2.7071522682863547,-2.9002072437524076,4.126369510890212,0.21155610229634703,-1.7568117848544578,-2.868867501423321,1
1.613871318781277,0.9534424262529655,-7.31911480252456,1.5329001130306097,-0.7308088872117071,2.011139941777724,0.8309749326221072,-0.26479360175461414,-4.84327618172213,1.8587427969168746,2
2.7999721324284685,0.6499355504284685,-1.218841125644478,1.7025946557754512,1.0945305625608426,-1.153902396701099,-1.4365523170768006,-0.6388338697594519,-1.360379595324619,-2.2495626967949094,2
-0.38579127673283176,0.5440961809526252,-3.6062894591413013,-1.17568669869528,1.990211729136941,3.283198513458676,-1.3222331514280956,-0.7598176288010622,-0.1546704413275004,0.5990682519938739,3
1.0667075428931663,0.25178939075434725,2.6193308733207656,3.659043125368167,-0.1238146260545494,-0.477269664610676,-1.776762295766824,-0.301810107076798,1.8650846841924353,-2.72170291109894,3
2.4921971821433715,1.6863654589486519,-1.9213116617452162,1.5168234047337124,0.5045990424340748,2.2719000749680296,0.4798291666175636,1.5941174615220233,1.7765916834307909,0.3004311578451311,3
-2.1713524978498184,-1.3464361223605918,4.335691224853027,-0.42384359346563116,-1.4949452866247501,0.1429258321820901,0.6795247975268154,-0.7431521541448055,3.2045270659371123,0.24608089939194588,1
1.7073163772973854,-1.019886801013034,-0.596159802827016,1.6244249153214039,-2.398095059113136,-0.21686382667391668,-2.4968452519091837,-0.3138026268128607,-0.6246647901898328,-0.44598028668465306,2
2.0546548705669525,-0.3600572225743383,-2.310124083354327,1.7966153371822036,1.3410550566256796,0.18393048403083845,0.6903622131262694,-0.8334854242471311,-1.2376386140174287,-0.8497156921501359,0
-2.020575825190009,-0.25345987875653136,0.8787567876941278,-0.986567149808078,-2.07268972032739,1.350474025220188,4.558594811721842,-0.0040794715040313265,-2.792840187032046,-3.857968372763655,1
-1.5586152345042277,-0.31432191122050235,3.5822641147666463,-0.7115206515537282,-2.9678533145168986,0.17978960824742662,1.0649479026693707,-2.577345022994343,0.8732572436742237,-1.8773179468758037,1
4.770706376518508,-0.5206484156682695,-4.717613487413976,2.3025702565780963,0.8276859263137001,0.2685904583105573,1.1458651939440114,0.254205894424239,-1.9242413969302699,-0.005539575780655115,0
-1.6253147590489654,-0.17088041146611152,1.974280349677187,-1.1932601094655988,-1.6303839678327021,-1.233148439968969,1.966009245473962,0.4104032649251625,-1.9160112439782,-1.8851973431995843,1
3.4834740908823396,-1.6898360245591053,-2.967477475361213,0.02673118294951049,1.5742516006511045,0.6984446473305768,-1.4717951098477537,-2.350244682017548,-0.6729139683967684,-1.5635031304101956,3
2.6133690054761898,-0.0832327102706568,-2.8456155610499327,0.14736306600657612,2.060722941093352,1.4788593643187031,0.12706122549418586,0.10355847249732097,0.5705322229158307,0.07637620896747732,3
0.20876703335141444,1.1602941299200435,-2.873566309104142,-0.379913759471433,3.1746211821460357,1.7669020095910404,1.8490724008237391,-0.34242859339457243,-0.8059167539733345,-0.328124973634185,0
-0.5452428082335949,0.38865852236868087,-1.1122977755008283,0.9265041029690325,-2.2037293507514004,1.3237255957384244,-2.2692487202010683,-0.8528193960722639,-1.5695724559471955,-0.9803170976619534,2
-0.8673180531429927,-0.24030906814483508,4.746747692795033,-1.2325634757384567,-0.8358371946594314,-0.5454226301498295,2.503426620659805,-0.03809958267396152,1.836744156304877,-3.2091375813338923,1
1.2343868899496522,-0.533044435386697,-0.5902981623434764,-0.13534166656165603,1.352284566484067,0.06593811877870148,-1.3302870705292293,0.6323951789703047,-0.6099909974212021,-2.4710357781063466,0
0.2649324031984074,-0.4736397504126892,-2.4198704089781344,-1.1648003151949422,3.7368909300149107,2.1815961594502236,1.0343339440327932,-0.3720777607011143,0.37888537175904524,-0.43966711237184763,0
1.7163228795710537,-1.3994605969575116,-1.9095990775547556,-0.9769921869973669,-0.3031939749082775,0.8028499167181136,0.09219725268650114,-0.8369760817321111,-1.882580803472245,-2.30337966538551,1
-0.34604735288489774,1.536686415622371,1.3483029515772023,-1.1979804835654948,-0.6455068366609764,-0.8997163969541949,1.1482872795158485,-0.5424993063877285,-0.839487458779032,-1.5819892387104915,1
-3.3661402301401977,0.7124770346168041,3.4038009102040148,0.5091714821022486,-1.35615002085443,-0.20796189268276488,2.0264637174953224,1.0537490054784395,-0.22454738703865296,-1.6633576715991785,1
-2.450775258870749,-1.799431935575516,4.02932112390195,-0.3442162932584665,-3.460132853838011,-1.0025671961036893,0.42555991934394277,0.6464514496462197,-0.2710504881453535,-1.7277988448605353,1
0.028315646647058212,-0.6488724534890523,8.03694556765976,-3.366595544816052,-1.7964733257709455,-3.36733612724394,2.5903780773430833,0.7459864966917888,2.6293115651576624,-4.269321547595094,1
1.2184538060447818,-2.3302853340321397,1.7089912403236092,0.2777779302877229,1.5059247899704342,-0.3124787424547819,-0.8022179981729626,0.5251789815885975,2.5575651970054896,-1.0141938011169471,3
1.1956293190368286,-0.5852471571449845,-1.5849048687521186,0.22853709405070421,-0.4386236351633316,0.9935501097532612,-0.20867106003818126,-0.5683516406695304,-1.4682262221574955,-1.9568355465699696,2
-1.7528878377706483,1.2317484906985203,4.201581521508964,0.5782860718150551,1.460809666867143,-0.35957560740084404,-1.721206573671933,-0.37743215506224964,3.843903494120861,-0.557392809615376,3
3.265703999243959,0.2584257707883491,-2.8522338756309447,1.789809072594357,0.6088511891625885,-0.1202537515022275,0.38650769283248376,0.9420191570415324,-1.7508218135021514,-1.1107586409241197,0
1.337478215342182,0.8931365923302197,-0.18567520323662723,-0.15187615047558944,1.0486228356749658,0.9781109822123849,-0.18216345714467164,-1.3392633361542141,1.8324629269113242,-0.2178843818958076,3
-1.6078340107569842,0.3054968869801836,3.709262380779568,-0.5443062430433925,-1.7116030511836131,-0.333406959338974,2.164240575771223,0.6707432750579384,0.3280325052687927,-2.769909790902809,1
3.4925348258215214,0.09028133775267654,-3.0846003481058166,0.7456358796151266,1.586088952190838,0.13489029133215957,0.8853687454807866,-0.4930366726270651,-1.1928257184645346,-0.8662079173928455,0
2.342332529006536,0.45181825649554924,-3.6883572848989203,0.6972460572573482,1.1975773509934533,2.501537396306519,0.9364062892113851,-0.20335826350199554,-0.1550848506786675,-0.037720795747456126,3
-0.28515099295615465,0.4047438037454619,-5.493737530472402,1.6854123044410112,0.9331049608523696,3.3530186790372034,0.8855017731368306,0.6949395864306234,-2.7734828236914204,0.7726850294794194,2
-0.6649472727393982,0.8619738352694734,3.2470350851041467,-1.412624045324207,0.0468927547083835,-0.9310201486734834,0.5955105457355787,0.725329831984233,2.6771935910972386,0.45828975302816755,1
4.7499909926824255,0.5946755918349974,-4.393536705563049,3.016728918906529,0.06906737636339766,-0.19869130658097078,3.0383574570001675,-0.5186016516950283,-2.3588800096600555,0.2640915970806361,0
0.5184667301145156,-1.3080592721265918,2.6878873999721185,-2.072312829085186,-0.8411948721224355,-0.5535794638211271,-2.184001983949763,0.062316612674639116,-0.7044771115647394,-5.9829644242259485,2
-1.1318468046996992,0.7656624251562598,-0.8860678659458783,0.4297803884591488,1.73675168362805,1.424257633502,-3.431354362181626,-0.5459360003532663,-0.09521578623021121,-1.246827104523022,3
2.275460692308464,-0.8907936664659647,0.45768927589059977,0.5271107760640847,-2.8297873274048913,0.3728325331184795,-0.32963414682105774,-0.7396875640116412,0.47249788704201623,-1.3815360158390342,2
-0.5522767285380527,0.15057652064562613,-0.5109600360815125,0.5915966996261302,1.482810667629717,0.7699120801052983,-0.5512443660287714,-0.5060459071847999,1.0640382014475733,1.1150049307549734,1
0.3542346059012116,-0.6147810737085848,-1.0293486657393416,0.5313377370071561,-0.04719627525646308,1.2428604768834224,-0.9510003447711094,0.22856360669987755,-0.9047815547292256,-1.9695985682833217,2
0.16859385023071582,0.4254826830634316,-4.979860943089051,2.7325540005113558,0.11605990394195898,3.099559358420143,0.014970124742184066,0.4331844114066636,-1.5496891402876525,2.034511284908914,2
-0.016998173608834044,-0.9380229069056579,-0.592573208417537,0.24679247063767806,0.0473210614563182,0.3663778877657513,-1.106878041918721,1.1534935443403689,-0.019213461474604898,0.2980110468979742,1
1.7652149498976741,-0.26746611704111733,-3.495055308610243,0.4251355707465494,1.9883094460509758,2.046325555502823,0.04821716615896188,1.4022612537480246,-0.22451079364847137,0.08740745277837458,3
2.003527791178083,-0.9310705762898435,-3.204936872859589,0.8196480706683152,1.5880115677850064,0.8704193317064766,2.0669679584871394,1.14426316611711,-1.4668323706996744,-0.33367939560294213,0
1.450226606482983,-0.9442167142768114,-1.16474793892567,2.281030878062042,-2.16873529748574,-0.06920702203075124,-2.1553105667843577,0.17670735122650694,-1.0546598531185372,-0.0944801017753818,2
1.1581758031007874,0.09863469140849897,-1.1707553352083442,1.5113656263951571,-0.6489044652901599,0.18056933654361418,-1.6058140847649418,-2.1493969936611563,-1.3114974969751902,-1.4146986545943543,2
1.0290661943007948,-0.9902629702618188,-4.173833581076685,0.20809709108986596,-0.8097226593409459,0.36539922298447225,-1.2468931428895667,-1.2052992147801944,-4.791722490160492,-1.379704228336663,2
1.6442879979478806,0.2494343042140543,2.3944568202953627,-1.6395922128135711,-0.6358492326888731,-1.0803437327194922,-1.7818592894617442,-0.27402623074477794,3.4078310796477975,0.9643407640225532,1
-3.234879979794746,-0.5560420669153782,5.020096446348296,-0.13479279382036347,-1.8965137297752745,-0.15810141798831956,1.4143077997685545,0.3755549220325589,2.873516021463935,0.3956241130443847,1
0.09219970820749745,-1.1481154234813125,-1.361955084166007,0.5191273867262811,2.522733811480596,0.8723314992864557,0.3768836283914375,0.04231206105258708,-0.487820343291135,-1.1480311959912881,0
-1.1774994595002732,-0.9043781801527275,2.7367938584470517,-0.6067655887113084,-1.274081431144593,-0.5603336903801021,0.5040704604717952,1.3030882730279463,0.7251259423311033,-1.0035360109143208,1
-2.142260395270347,0.02114939557566584,2.199871236538585,-0.7144060953236855,-0.6739076136005454,-0.34113550435782347,3.362725694466035,-0.5243965305350834,-1.1518042567764346,-2.1438503329257945,1
-0.592866809893619,-0.9950783093212762,2.870908003376101,0.026543539555146656,-2.059570466223331,0.6764818213210827,-3.49812118455213,1.0847442427539598,1.3805995457501052,-3.0468531726559873,2
-0.9645410505055756,-0.23522999393128835,-1.0684768413427352,2.081118679634122,-0.31530362205094375,0.29842473626066934,0.3806702325049708,-0.24642058683446932,-2.843700583542647,-1.834464404602207,0
-0.07562911789977012,1.1257706161287506,3.6364884186032276,-1.9724172507502167,0.44066363973351774,-3.284122222527272,-0.4365718437799775,-0.07627041102206733,2.016004215505583,1.045607880535012,1
-0.09326729512807241,-0.2524278512258994,-1.5146127393893571,0.15307918387073916,0.45306085035666477,3.0535350981572664,-0.40271578878844794,1.032829953944756,0.9649175120483948,-0.35990206474397,3
0.22601281430398978,0.8784350761659566,-2.31001898697347,-0.973822945329289,3.231698967116162,2.321236915350756,0.8155074366539828,-1.4029066495584066,0.352475329508106,-0.5902721686915928,0
0.12203105163253403,0.06432200670802558,-3.3326292707385017,1.099132034571521,-3.0567330132872064,1.3493745412912002,-0.7481587620773545,1.6765979316516664,-3.644424344465318,-0.051046609402539134,2
1.8131906546707999,-0.7661030618529515,-0.7547073797954191,1.2128762511795572,0.4224479430396174,1.4074544049696596,0.32992790672053873,0.7965837898100904,1.0364094057659272,-1.1166801558467103,3
-0.7262604626463143,0.6355863542987947,0.5915163976284219,2.575064882343356,-0.3285581935416837,1.7213659039409865,-0.6613384628346934,-0.44268389543081,0.6540464031948116,-1.8253653287980889,3
0.35690588820545144,1.2348505377345378,-0.9023655211745714,4.348672932357033,-2.37947375335633,-0.7853689478764398,3.239862127907124,0.04887321519441653,-3.613114812407295,-1.3136336383396212,0
0.36815068840980725,1.351838235745386,-2.2510776191898167,0.6556542165900063,0.768846343273343,2.1173237083600576,1.7249796066993128,-1.0646326335523015,-0.7001733011352732,-0.5497503790102971,0
0.8708409558772996,-0.17182877244573935,0.7019784623735368,2.3719491820786827,-0.9551095609862528,0.785983696871766,-1.122841986494997,1.5554143453885827,-0.3772514480200293,-3.771024130258621,3
2.9688511305988454,-0.20550107974602289,-2.9480776987254322,2.834812179557046,-0.3931583882708183,-0.889742976480626,1.8251937846291817,-0.6057865262052162,-3.2796620311101523,-1.0512673688542187,0
1.3482055938789936,-0.6583732136264119,-1.9484079705745456,2.080442750218129,-0.24122009740315042,2.176811550750842,0.6952427982573122,-1.3991775812272325,0.13628948216143044,-0.4842995736401903,0
-0.6166638385698902,1.6065738580746889,-0.6222971592865181,-0.5899372056654635,2.689744886814119,1.8038162501167458,-2.0334771769221063,1.2221981575557725,0.698240254371735,-1.8513138435075125,0
4.5036181176997045,1.3371771663549992,-4.306249294520024,2.160295491773378,1.4604965331109678,-2.2931868413784406,-0.2843646667764159,-0.32160908753101564,-4.385642055578362,-1.4667654369270895,0
1.7681964764591076,-1.5803056396160509,-3.254876434850059,1.552196189156369,0.6842063778837773,2.090063305430081,1.136887425266265,0.21355944438023328,-1.5991325157602847,-1.6765240751610326,3
3.406021629132137,1.9439110364614387,-4.01395924227599,2.8403865837540945,-1.1946754680354579,0.6634713330002204,0.10070335701948019,-0.3080315381174099,-1.0329236021449042,2.06636234202948,2
0.6585720905524747,-0.5507270177628557,-1.6299752579682898,0.5361465683112641,1.3589520275450502,0.8766459309001864,-1.9802157108486993,-0.791658658455098,-0.46739735240271707,-0.9882953557406653,3
-2.4183270567323265,0.46771861697624134,1.9039338624113833,1.2852042726628943,0.7572410139085715,1.755246173476782,-0.8682737118017572,0.9932539613271925,2.515845461819975,-0.19156497103915104,3
0.3700234042481513,-1.6308214072069103,-0.4448822640387511,-0.0346388324886997,1.923136068719631,1.2310222475504637,0.8650823296584794,-0.9651109322826832,0.6960656268047005,-1.281226842509844,0
0.2572138782136124,1.384102468745975,-1.1504117586854639,1.8487963035981023,-0.19151350884277196,2.103046120658517,-0.3802913322042164,0.09213114833163037,-0.38809959408370087,-1.8670620992761646,3
1.113382437548213,0.8946086988632601,-3.6839569242504506,1.373893849102625,-1.0395896227536356,0.8648127247107267,-1.449961286580716,0.47979471428799825,-2.905438038770095,0.06585279311517889,2
-1.601731783122117,-1.005146254684147,-4.842159489316626,0.438431393828708,-2.6648688250232686,2.7755343269500945,-1.1468019276046912,0.43678989402435897,-4.800204337750895,0.31057827110691805,2
2.0442013545678814,-0.23448223662688258,-1.7301134993522556,2.315331042130533,-0.8026162128014551,0.4193887039823818,1.145883696024057,-0.029131048484993927,-1.4349041081801857,-1.1719376260620262,0
2.437195865597536,0.9384770550860423,-2.608361820068237,2.5221139713533054,-0.26851286555714204,0.8089085807345756,1.6246607446953676,0.05388742189102205,-1.2711725905051803,-0.4615803834432518,0
-0.9702442825533475,1.225249004976716,-1.5918061022287047,0.8767129389333044,0.42617062646183834,1.9796686413532403,1.7871912829137058,-0.03716632120973069,-1.2844136996787452,-0.9071716933958548,0
-0.06234689090968448,-0.9607292638076759,-1.1829260984633616,1.398821431570115,-0.23908932242588277,1.705775196299464,-1.1501805074368083,-0.3472907381533582,-0.8158554548293367,-1.7054816510435418,0
-1.0166171705454419,2.008733422896103,-2.975463217986615,2.858323943223608,0.3029911382833612,3.32561689819745,-0.4943610948734706,-0.25793970385173065,-0.27190607084864316,1.0167185625179154,2
-2.790973212706656,-1.2923754541051926,1.0172217836123045,1.381875767401925,0.6499724753645757,1.5349380211511554,-1.7796524487405654,1.4348563796268679,0.8049965980230491,-0.7351411437903026,3
2.718359341367739,0.8681234727892986,-3.4365747881346747,-1.42481922333643,0.6971663150492318,2.3167267561227356,-1.937973807811073,-1.0482290209604836,-0.13743869215484583,-0.9014386165307606,3
1.1530500056265776,-0.9276104518562901,-1.2899197032604406,1.225461758470704,-0.3113238492995656,-0.05256573050878899,-1.459855172650669,1.1662531130994866,-1.9548175043362819,-2.081439958504414,2
2.231657397805678,1.2119499354877503,-0.2137935383142946,-1.3942376751644834,0.7816558006178564,-1.8484334078048326,-0.7173195395705498,1.5097706448075194,-0.35951560710286024,-0.4541203442220242,1
-1.477093909393127,0.04699217031299818,-1.8349842356333035,1.8005853234788476,-0.5276886823678251,2.169768074009042,-1.8492297357586525,-0.42249514350045675,-1.5162272628461777,-0.7620541322409674,2
-2.0178053076162046,0.4868223125111016,6.242319799635285,1.5981672039271801,0.30402162874929806,0.06401866922020716,-3.12177692001124,-0.20035500169973294,7.211350694858956,1.1993162236421675,1
-0.05660124266862798,0.8499944144688751,-1.6373258826815966,-0.577783104562404,1.51770273004658,2.493180810679366,1.527808639349022,-1.341034792292609,0.28029729869773945,-0.7096175220418244,0
0.7767926244843946,-0.4139604055192921,1.7202153481928013,0.011275867491174152,0.640924401933912,1.0128487369135328,-2.4155525683778354,-0.6070849354948239,3.9307687228433683,-0.06241802361331439,3
3.8854240388545125,1.2152335489844328,-2.0295878778843948,0.30265540103036603,0.8039096957917724,0.9691843925924077,-1.069027537873637,-1.261329798412582,0.7624716354028918,-1.239485063806419,3
3.1274679752795356,0.058753176876907134,-2.6382854948774748,-0.22437236628758161,0.6282866788592122,1.2286290990982436,-1.831374661081718,-0.47180479742235776,-0.33469173399188556,-1.516628448492662,3
-2.470551348364844,0.12033058771163876,6.776168929304945,-1.156347588933092,-0.9642640146930975,-1.772617646514,2.500861599786753,0.7449533884003442,3.438789994583578,-0.7785489927791793,1
2.967685455569674,-1.4977599328033662,-2.7573012939566492,0.17009578578067042,-2.1703854155298252,1.4527179742584149,0.10822746058137622,0.2416005235856662,-0.2676044879868925,0.8712593406257334,2
0.2943633520365905,-0.5716703272767002,0.970113387289139,-1.1976150236708323,0.3625989868623014,-0.04372807747121721,-2.1837040394154412,-2.576629766860556,-1.2441792412502517,-4.887115805442411,2
3.398321708914774,-0.45504662066741985,-2.8591542156818397,3.3366046540047356,-1.3403168219915278,-1.4292767539966995,1.600770141712561,-0.6171791460107319,-3.9546381272351785,-1.447802189087415,0
0.12582545132374212,-0.4143043916358271,0.8170760968473476,1.9022715247740423,0.21435024470728337,1.1131944741884807,-0.943750653675124,0.3135338770450984,1.3366704066822712,-1.5265569990542818,3
1.3182460843690502,0.8012444546610487,-0.711304216772912,0.9018335208240786,1.021680766533788,1.4576022268855202,1.1122492244367574,0.4369836443271035,1.5119799534249923,-0.15620085893891333,3
3.4734478099348114,0.16440174615631162,-1.6448965008568308,0.5568897358614429,-1.1251417742221665,0.6951628375411061,1.077029313571889,0.7790764273936542,0.06621275333237797,-0.579536457107811,2
2.5315888853104065,2.0375456248289514,-3.4889859143853696,3.3608151995764324,-0.5450810783973787,0.9151783167496506,0.21504102465527575,1.259581244452227,-2.0141574354336482,-0.4111174007575291,0
1.8685376232760573,0.9802242536452651,0.41616338430743305,0.03739399814512667,1.225648841201843,0.1349352475823511,-1.1334213477335635,-1.17506908085908,1.963654255093164,-0.7844154442465916,3
-1.30358150071768,1.291678361358942,-0.7505067698171007,-1.3275317169252356,3.6149014825711547,0.6562436674149813,1.2935922966683062,-0.19447959354844913,-0.8858666887238015,-1.6272575495957757,0
0.13265404159216143,-0.8954519890080467,1.3206185578175007,-0.12101811263227913,1.9020923249935229,-0.15971849175428732,-2.890077080219325,1.9155523724856514,2.075906785774846,-0.8320648008467828,3
0.2771654118935336,-1.5468196653226733,5.049198716645224,-1.6964196144092007,-0.08936474924704085,-3.399748042961785,-0.6344809618603373,-0.13838257861080067,2.9183038093900544,-0.08239090803816507,1
-1.1740146697217062,0.1888406078260851,2.806833800319028,-0.31860963617285853,-0.215164314269492,-0.2591839296191929,1.3637210906798902,-0.459603688838314,1.0149188589300797,-1.606645980881376,1
1.7864496875710851,-2.0020529844773582,1.725057313997747,2.868385539221787,0.6966410178258055,-1.4997688417312065,-2.529148240913711,-0.596804905853097,0.4481910353149864,-3.280300705110329,3
0.38272046210572463,0.3825999593287268,-0.434989062291181,1.6929476555055087,-0.623543809693671,2.1105545044340355,-0.46852967924978484,-0.9920420253174967,0.2776797359464662,-2.0209206236037955,3
1.9234772809523522,0.311484670336292,-4.1117934489031045,2.4958756703758027,0.6176912596580282,1.3417213062171764,0.35012007027345415,-1.4126801259740627,-1.6749934467399599,0.6631809966663198,2
1.4483895497275476,-0.9081969077676442,-0.3087560419562987,0.16396999468353857,1.4568589018033424,0.6413576728036903,-1.933907717259264,-0.11996312886729316,1.4405220935261263,-0.8961593526444662,3
0.09542474311308302,-1.2496728152602647,4.4601904324625705,-2.211482942248533,0.021973285707843848,-4.3871312514447816,-0.1672032324049424,-1.6616023349688018,1.5607512228461227,0.5101062496439948,1
-2.8216143443658055,-0.5311209383289219,2.251720630243674,1.933304612234008,0.4967852679832856,0.20838365761189737,-0.7898379604290415,0.3626100606151799,1.3214906274358913,0.09130742049683116,1
1.7560412651329105,1.3628546991207866,-1.026188017331543,0.03512165199709738,1.38288299706613,1.5684159420841919,1.3827750316231184,-1.8530403297532667,1.1723295851997757,-0.9176556084828238,0
-0.7412092532847234,-0.09625046626401842,2.766965444715164,-1.2095758976217674,-1.9358443841136705,-0.23830996816343408,1.098763914449174,-1.1842372720558751,0.9287055084093272,-1.1171641377966097,1
-1.5854142361475714,-0.07396384540069194,-2.32344420663744,1.5684935157033353,0.7581297663086819,2.3990769597518455,-1.0402868469532747,0.43847175699656754,-1.9694637347990436,-1.449857301376758,2
1.9399163529435572,0.8793760844116465,-2.1272344374768934,2.9861767768321847,-0.23885750408989892,0.39070341940181286,-1.1128554769291144,0.8622794120530326,-0.5763424023025654,0.31452650500051527,2
0.5114501533410709,-0.09219702212713034,-3.0570230112100996,-0.5879358965809225,-0.23843792796328622,0.5844825419454701,-1.6976905661210242,-1.0733378580790447,-3.93626366300303,-2.3265679247812754,2
0.691738944811062,0.5195145315819467,-1.7150455271536602,0.5173221315170509,2.1643795858119708,-0.01866968319329665,-0.24589712809699726,0.975394420665162,-1.7271140748254248,-1.7468670428994315,0
1.964323459700863,-0.9117667358298499,1.4081023252414788,1.136159099759352,-1.3638353630746374,-0.7335935254420529,-2.564803382659309,-0.48144209026492446,0.7831541790881651,-2.1243899648115496,2
-0.7010242068898769,1.0910151094082408,3.7973563310246616,0.5820164106746104,-2.766129771818253,0.30575116431607374,-3.0779268249788747,-1.8659645482942695,1.5276680463515522,-3.370876461748669,2
-1.2046129939078645,-0.29200667620471776,-3.259221235915525,0.2777877513758795,2.6959967241792575,0.40265149352949503,0.5442120546313558,-1.6637364669420118,-3.9256382556278413,-1.1905278562834938,0
1.996292898810024,0.38883415779245845,-1.7846840073702814,0.7166680761562608,0.6581700993259139,-0.8973233210761165,-0.8010885521124074,-0.25156812800309686,-3.142571302767081,-3.2181283293538865,2
0.2661688921953691,-0.6012942830351659,4.558865755496924,-1.3071933160521743,-1.3815083787393279,-1.5175473777033714,-0.25612678644936127,-0.6332441596041881,2.7344051174740125,-1.3654405888824526,1
2.7454351671973827,-1.2349434286706997,-1.6330368035730876,0.6885978551182158,1.074965959846013,1.5323013797666043,1.3571258468801364,-0.8153381098376422,1.1612866694095971,-0.6010763774613159,0
2.049418636846662,-0.6809698594164493,-2.338218085713433,1.8817953595031711,0.4477527936996146,-0.6336631207691727,0.5204236342772455,-0.20383461382920437,-2.7756283787195004,-1.5877629095275458,0
1.171199409353358,1.4135494046739219,-3.113992861938733,0.16690300220023102,1.8938668838840982,2.336432815293917,1.7197731580137376,-1.5190097253286228,-0.20060055298324875,0.029226929506426247,0
0.19129168465418012,-0.04218891616957776,-1.082566472522914,-0.21880732635787759,1.7780705070145792,1.6080552403172814,0.46675555712980576,-0.2393583100627496,0.1803316374121473,-1.2812309475418053,0
-0.19432363276787212,0.3107534317277182,-1.6913805394024921,-1.8287142628529116,3.805617172497364,1.0802757051258738,0.017536724052767072,-0.38960123145393105,-0.5689218997696165,-1.5224176415942483,0
-1.1017076716589593,0.4728831351627392,2.0306799483406412,-0.2835668905920443,0.30309214699888853,-0.033752325765676106,0.9107392082096618,-0.03370609466252391,1.204295467280265,-0.6475159106884827,1
2.7956989571011874,-0.6500538770634406,-2.9270864650986965,0.6351248876314446,1.9412853431467876,-0.7036509377853637,-1.9504386573836499,0.196827221979218,-2.3962501597323316,-2.005153781162405,0
2.7977265663120576,-0.662895756545944,-2.087943601215832,0.2733400595944002,-0.46188059483586374,0.5631367064553754,-0.9476862361023958,0.22652431854787222,-0.4275831939889081,-0.48537591518474266,2
0.35279508310047636,-0.2987697225650584,-1.40710065743386,1.0023523422557914,1.2412298982761472,0.8743010395067505,0.6564450369427862,1.1892930782887645,-0.9843677508161743,-1.2980392361786293,0
-1.8822145799005758,0.4002894967438871,4.746155302780901,1.0551782705995998,0.8141408610601213,-1.4151470557928767,-5.89931397164649,-0.5829942741584911,0.24875109207521162,-6.374476157519173,2
-0.06622876185106241,0.47895985916800976,-3.511553157732705,0.4757623873390492,-1.8218240512436714,3.0408868853336255,0.8454574381100073,0.8610848062038113,-2.0523881302619387,0.16745557930010735,2
-0.15861255437638766,0.45134978456705627,-3.0477313078770942,-0.2504215370929046,4.2400156066582575,0.8947076741288821,-1.7561645219114808,-0.0932365086643296,-0.47647728494151953,0.7942099879859326,3
3.5720997250841537,-0.5926436938856765,-3.668877616056028,1.268420178186457,0.9163442442247626,-2.055295434360281,1.66125525529386,0.1284805329184348,-4.569808582110007,-1.5647753183260749,0
-0.9517676148072927,-1.486132673356657,-1.4848059309532586,-1.9891425651377537,3.599023288799896,0.9917846521691601,-0.9657702179466718,0.5595792977942611,0.46743942787457227,0.6792707524616697,3
0.08711844607417851,0.8089526613585721,0.31125942920246197,1.3945214586970431,1.9295353685798955,-0.5572570258043206,-2.4554733426449737,1.1826800550659773,0.8726836774817375,-0.19037593589157042,1
2.665542923727571,0.6690141718574816,-1.4166645199670567,2.495549356456473,-0.12157489630302365,0.6050427598348562,-0.45953437457308277,-0.19019064217300183,0.8438115724182282,0.2819960073760843,3
3.236915156980602,-1.041813368004598,-1.6385771163513108,-0.3358138125701995,1.8051080527758414,1.5344550745167864,-0.9760504734845252,0.37688470329893287,1.7142772120220453,-1.1682250408258075,0
-0.4042113503686513,-0.8916381788329305,-1.534811828786225,1.3513099182666743,-0.8208700877044732,2.245522903986582,-0.8630014371999142,0.7776674467161618,-0.5421041355540053,-0.5799938231229165,2
-1.910477497302625,-1.2816234498490506,1.603528816817029,0.9698283429007613,-1.419325469347269,1.1474667995961076,0.33341238157422715,-2.5210866501296927,-0.39970278672628634,-2.445546847217714,1
1.2807570762374125,-1.1534700506312088,-3.9105618701648632,1.2725149736574037,0.026285119789162037,1.6148158610392414,-0.6352840758443434,1.402623198806571,-1.953326008584042,0.2746178139171691,2
0.7637154120300967,0.2763737230933523,0.6193993569538518,0.8322488773236784,0.30553556121530057,1.2739563644582286,-0.5034741379019354,-0.3655826245023269,1.9621742373676057,-0.9833320558508382,3
-2.235425905153544,-2.0872374104187394,1.3875980057048827,-0.791602649139963,-1.2467989717914805,0.5149321335204278,4.121846101069973,1.5661040450186607,-2.0896737824529987,-2.8001626950352514,1
1.4461844039383365,0.9670655699608834,-2.0380768741723383,-0.034368364824253206,1.8181131656990448,1.1818482067898888,-0.8202520485774525,0.9940444377179896,-0.36114707640045685,-1.3701968036229826,0
1.159874792114175,0.5015070917140133,-1.4192375295041562,-2.754618988991614,3.7492508469398373,0.7717095410380979,-1.826062444986233,0.4529157593490103,2.5556192526262533,1.8083753167615186,3
0.9517617067329116,1.087455738680692,-3.142277460625881,2.1857709975201556,-2.3429462017338087,3.17290044260727,0.46299020128252133,-1.0114798010165704,0.4349005784229467,2.5312180811117586,2
0.41662888457955904,-0.5790136948152732,-1.5920606162472268,-1.116352407749071,3.2982541014120033,2.980876101989873,1.438150909322308,2.243591723768047,2.0878993997501007,-0.18302690950909994,0
-0.42333358041893765,0.707523013666104,3.104005165933803,-2.6956264726537205,-1.5067503880911723,-2.5490699128027288,2.414567710613167,2.3446698953034306,-1.3309304664271147,-2.3601563787537785,1
-0.7663659982062111,1.5392824943448236,4.1857000468862005,-1.47295067929078,-1.3161539735560055,-2.2040940010841075,-0.8343001761515336,0.7290359855727196,2.9746862810716124,1.7377815682604338,1
4.016123051909142,0.24314977161361484,-1.2597191554877836,1.3331915458038983,0.7201017037665314,-0.08445445067887247,-0.8001196592468627,2.365646694778936,0.48766745588110727,-1.6328500871627663,3
-0.4669007067548645,0.5486998998606691,1.3386754839727897,1.1468603026586794,-3.4870367817050862,-0.3457989403192787,-3.412733897369049,-0.3246328543608767,-1.443026550919576,-2.4837685885710856,2
-0.02800435555620684,0.7041826453334828,0.6565233978368938,1.2358970011828339,1.2085498846893912,0.34623631627100815,-3.2512848428991115,-1.1368887631303972,1.140009772371053,-1.3565640203574896,3
2.760796932325953,0.7990284918796359,0.014562338530850427,0.9086130899244637,-1.7714883977779365,0.8802418550582465,1.1752767127073112,-1.2709460185999022,1.1609386817295424,-1.0243409757861157,2
-1.2564649410870912,-1.0595063959501991,0.321442286309245,1.1605592353329417,0.32253027348343044,1.9575624211059868,-1.6198866914485057,-0.6392561176021365,0.9665901716768773,-1.1757683188376222,3
-0.9407712521422418,-1.2543245590479954,3.451639919276295,-1.6376303785581148,0.08098137737328437,-2.664479266059,1.5783836697884066,-1.6800047455298481,0.12267858026597112,-1.0863982427732548,1
0.4879455919167024,-0.6494463994325517,2.238187211506669,-1.2900421935727358,-0.42700671736306606,-1.0468718244122395,0.853454981255617,-0.4678907490595244,0.4919530293175741,-1.9574121245963554,1
0.3745002867187631,-0.6339598586913759,-0.9071715815974325,0.7168452597293999,1.2685646804950057,1.8706919357605205,2.774509958846182,1.9352474030431261,0.8098877926707113,-0.3437412270689518,0
0.36995582829515583,0.4896967745931596,0.5259644543645589,-2.2856856676639827,-1.4292998085125102,1.084255460174339,-0.609109993703139,-0.374224625042534,-1.1913868743434026,-4.219593529122747,2
-3.916564835927764,0.25256749038184045,1.2255010442506156,0.6286276286634078,-1.2628520907717906,1.7635027387087456,3.4565215879533278,-1.6336016741893802,-1.53150892149625,-1.776428451721781,1
-1.471557865756427,0.013573659384204923,0.764488275720432,0.6372814668003643,-0.2482546944083267,0.457199831950011,1.0691946101187428,-1.7855472988818477,-0.8736651916501501,-1.6403729620945833,1
0.9094903330657106,2.202170466567038,-3.3658253070676003,-0.23219456592897947,3.6629308412210486,1.5383983181344525,0.9852328527813997,0.5354487950852501,-0.7327000294532152,-0.17627196961789304,0
0.8249565087213193,-0.3287954175694484,1.264369620713498,0.8601577501034533,-0.5100163066022152,0.543594549928122,-2.1914255628903723,1.179747606415444,1.2775537110808006,-2.1783305786101597,2
3.985694282078941,-1.6447408424975563,-1.811583121052332,-0.37153079253890153,1.5203392012583532,0.708509915666805,-1.5249860368472912,0.8646877407722353,2.06764845737234,0.25162435550300843,3
-0.3265723747416034,-1.120691582383748,0.7278016933715119,-0.2654812629628578,1.6694823065651896,0.9487509255586621,-2.2921301711162996,-0.6243376512561662,2.088791422681119,-0.5625989646500527,3
0.03518423880312871,1.571578738949,3.851113524685821,-1.4528658729188981,0.016724307538463767,-3.458857705731489,0.2347752918861007,0.7106959978348593,0.4019748644651392,-1.5026469630029697,1
0.0920456710974159,0.3121408294074028,2.5362794509651607,1.910164262299085,1.1291861228090996,-0.9935937808307957,-1.8610623984023265,0.03669665823123859,1.232228764308836,-2.582743281619474,3
1.1295103915912232,-0.14114501348629035,-2.257618806352364,1.2528096813048297,0.9240650747667872,0.35942985599915056,2.6258894408859303,0.08813527114702263,-1.9664551544368227,-0.7317577678705849,0
2.2835204630029495,0.0990955751831076,-3.4189711519118653,0.19247256877502839,0.352359341343373,0.7702369740930897,0.5563318525747951,-1.3918743485189218,-2.485355807745945,-1.3026527376077215,2
-1.9919994742690936,-0.9496845733242552,2.1095339358132836,0.7901932470803004,-0.9929523022596527,0.24180703657701863,0.43205658989029805,-0.1448884023308962,-0.5901029551307728,-2.53223243399753,1
1.9532499117604103,3.0517113199186254,-2.244575141075316,-0.2882634882380608,-1.5392562443700342,0.512235681066898,-0.9319740257946465,0.3913201719352258,-2.025115269874302,-1.1564973870387056,2
3.2177635732419203,1.425651999048196,0.41058459927099034,-0.945230185601247,-2.784263597871798,0.27736363727965696,0.38520352341659425,0.10819550851496382,0.5635608448772518,-1.8670865025761567,2
2.8531401957992824,-2.336759355320309,3.8581062845606793,1.7519393893711777,-0.18307344055813157,-2.5102352661479963,-2.23620445293297,-1.0443691628594758,1.620054147180618,-4.417731268898818,2
1.6678792195944245,-0.5116510232840712,-4.7566007023557075,-0.052035206354706265,2.9066215527389248,2.378933948667854,0.36531279903847835,0.12742857271426894,-0.6716349171032123,0.8602518933623522,3
2.1178894402076587,-0.1437752111690407,-2.7200648706352046,0.09995281672777312,2.600874854996459,0.5239523360753737,1.6149023852445619,-0.23935262226965515,-0.8710453840024979,-0.6128227900221056,0
-0.9269376720037703,1.0803255409004417,1.4252456096211823,1.981082427454055,1.124601972484263,0.44557336968570593,-2.000202137988418,-1.8625518897786406,1.1872007639898283,-1.6165566770670905,3
-3.1172944536360303,-0.49588431617290624,3.891050304349134,-0.8008755904496279,-2.1832153484689494,0.09823747177017927,3.8049916471185807,-0.1553014511083345,-0.3582322131720128,-2.6174079422078522,1
1.021315608460522,-0.2102851851273841,1.8011656468863126,-0.9479328863596266,0.6067542867727158,-0.6953305327620036,0.06549627024924076,-1.1163696751059817,1.6876949470029223,-1.0691843974368418,1
-0.7743525597808996,1.912554689431941,7.218450477926529,-3.479931619464296,-1.2026253980964579,-4.763647658625996,1.9283502272690658,-0.7929763467106745,2.5816981873701197,-0.3257102502175233,1
-3.4774693121339375,-0.04293519400307513,4.578912208761551,2.5057537492182087,0.4914874712630095,-0.19132912048354433,-3.3435678988671262,-0.17310728612401202,1.943952695515958,-2.5995258941026123,3
-3.9774928593706735,0.6019106061604044,8.135588361326702,-0.08437477314160768,-4.260756899741058,1.380088390603019,2.5442350704553944,0.5821742389905853,4.021194023145387,-3.4385029879200335,1
1.945248240593782,1.9748007996533428,-2.6702814893322397,0.750099735591798,2.212358081874836,0.4580532464558875,0.3172653448479815,-0.6679693380711357,-1.187241295158746,-0.9936779960036938,0
2.464928953699258,-0.7966208798123241,-1.2377246035547724,0.30682247123271345,0.3336598056677502,0.836553813473313,-1.0582547639368793,-1.5463075791888512,0.04933526057174653,-1.9123141183408818,0
1.0446212884341906,0.2192464008313578,1.77792966110905,1.423470186576558,1.8118664960977038,-1.0759292225695871,-1.5864879129458216,-1.5073331179376817,1.8970217368767013,-1.2922331907391047,3
-1.5110413060509935,-1.6474126605060257,-1.1297985459843984,0.4417394085633314,1.5544732911830108,1.2559161112547543,2.7308494857843133,-0.43320340718964445,-1.4862853639016695,-0.9671095457405379,0
-1.2163151061906254,3.0934295306709054,-0.19282349010053923,2.004202242805267,0.7280660544698017,-0.6774158945877342,-0.12264021720537555,1.0936904388493114,-2.7238338302763045,-2.3535133201711016,0
-3.3326819312403866,0.640950608333397,0.4040999743979625,-0.5854323065641889,-1.5736541933673742,1.7250742091966478,4.440817364288316,-0.7036975461953431,-2.1596370688511746,-1.3861030951726754,1
0.8601504801560315,1.0186908504244077,-3.3458990016281738,0.5655684749621936,2.109306497979042,-1.2554384151181095,0.6267787147840717,-0.07392991673480406,-4.7680888395159045,-1.7713933909981443,0
2.618515727313083,-0.34901026596470397,-1.3260740037070453,0.9637867435858393,-0.3088680543965707,3.098683227475633,-1.3564046877331255,1.1706699391741384,3.2317862978734397,0.32479811573014183,3
0.7306216561898492,0.9422544141820767,-1.0375991957678647,0.8158563923627167,0.9778416429970693,1.7296670756403372,1.2883397652955848,-1.3958600787637274,0.5631274966619453,-0.8172571362899381,0
-0.44456494625310694,0.08081739450261613,2.302291496918081,2.0286239363022425,-0.15750522539797873,0.13324400507565348,-0.7328230220314593,0.489919407289479,1.1424155793478648,-2.33094415038306,3
1.258141242677285,-0.7924703583578975,-3.4756664747798998,1.529967051204593,2.20711730381693,0.14009156682051738,1.292703602208713,-0.43218581704972403,-2.724052151110519,-0.5775985997521369,0
1.1651956506111087,1.2154327701278818,-4.209651042063274,2.3137673121594147,0.24374150766519065,0.40602679388805374,3.32540126554984,0.2630404513455334,-4.130790551135879,-0.11879428172582962,0
1.1654217675424707,0.018575945162973527,-1.730546371922952,1.2507023111596989,0.5314585894776851,-0.1252954659613068,-0.05169050683846166,-0.06893979620475318,-2.2736669737952204,-1.9008944537864063,0
3.2711649192081618,0.1890516260443727,-3.4337776787055985,-0.3007965931546881,-1.412836019926855,1.1681526293419824,1.0220887775149938,-0.5862766765322488,-1.4584305704530818,0.00934733586661829,2
0.7525248629907362,-0.9081916412932373,0.10609090120590081,0.03318215932179225,0.8360771120492919,1.322843314232499,-2.4323469524259376,0.34407331452816153,2.0638941119435277,-0.6395868433736488,3
2.9728339915655058,-2.0069303289812357,0.39944855253995404,3.4218802216246202,-0.3792425991186261,0.20237927026264058,-0.2902181396456399,-0.2292310028121693,1.1842474465314343,-2.1794574964931863,3
2.4196093854150442,1.217371623557272,-3.520993560993534,1.8683133943829293,0.8504701242772157,0.34574761953506183,0.09488929048706063,1.1027587086656538,-2.4001616642014034,-0.9140626495749744,0
2.257488310335188,1.7764511308092663,-3.163619265103925,1.9376179243596339,1.3732940868018886,-0.5754654141079523,1.3944237244026625,0.078873023238061,-2.866033906371902,-0.8655633330918129,0
0.8734310412471284,0.07921682442001851,-3.135122280646629,-1.4616336898526479,3.371893731955697,2.4631787378278602,-0.6708319431736215,0.3899343863125882,1.6697133715452712,1.8700176969886289,3
2.668805937574497,0.7809766043974591,1.8040621021496066,0.21595714483439188,-0.5109148609790468,-0.833066697958077,-1.5475460181208796,0.9511998850679138,1.1063406058795988,-3.2703427954927755,2
0.6437289626829806,-0.5401916442214952,-3.105835815486541,3.4368959060987994,-2.518074291660116,2.9798331436123093,0.3317167430492547,0.2748080464638976,0.3469211546089632,3.005303164476687,2
-1.259327067922598,-0.25994450247258905,-1.3922957587794929,-0.24623910517532388,2.4826736312676405,3.7014317891458393,3.0921670402066823,1.543838306914531,1.7197190894211207,0.4179704376030666,0
0.9237902679060146,0.5121445264962363,-3.5369903212306304,-0.14734047237820502,0.847944302240051,3.786186759271406,0.8522563991983019,0.7006525500269745,0.06839717673310164,-0.14217844744874186,3
3.497733102481982,1.3384103162161816,-3.4133490417788344,-0.1416960318144651,3.7351977260221707,-0.8562266161625187,-0.7912850092320725,1.3569096281854005,-1.160197349299362,-0.4231561733871576,3
-1.9699325953617852,-0.1428782227912899,2.0175668050417905,0.528246011957495,0.11214757376540052,0.6696262625573399,1.1820989345452897,0.03491246882623035,0.5265531506537218,-1.7025980658229856,1
-0.06444240756052455,-0.35670923817641353,-4.4584850574476205,2.308307426146738,-0.1412745180697662,1.354555120227531,-1.6799763426289922,-0.5595082189549743,-3.5358483700255787,0.4019458047714346,2
-2.9316544932710995,-0.15298736953336672,6.241915779547785,-1.7015505349162843,-2.134981899115002,-2.784211697623223,2.4536246650773235,1.0485102400358464,0.7679472118743297,-1.4332467913129376,1
-0.006683892847852091,-0.18783719961506878,1.257767354102972,1.8338175386040025,1.0998223660346897,0.23231482791226254,-0.9211920830359782,1.3374341079154177,1.8026430569798204,-0.6878339493738618,3
4.572599470607946,0.31885558460594066,-1.7604502155777877,-0.8900262397514158,-3.2415019586490716,-0.22490003655689783,0.06474857496486841,-0.836341302998555,-0.6755003419890261,-0.24228337419857393,2
1.9456132259653274,0.9645989185912373,-2.590561988642973,1.7320634157056087,-2.284313126174215,1.1093298704439405,-0.9724649827637626,0.9636118108628806,-0.7487329070453586,1.1866341964975327,2
-2.161982612432188,1.3918058916191005,5.996867235578943,-1.7254213338556577,-2.0025170199839932,-1.3281526412329663,2.3754786495603013,-0.2676764770387872,2.173173235156686,-1.747725317650446,1
-1.7761082297717117,0.1651953409524569,-0.7601337414015166,2.3884286991827124,-0.2668707909989019,1.1918706857473693,2.4434610766002116,-0.6907079259289202,-1.9595252964047372,-1.006173582270661,0
2.426458180482324,0.9976197628078978,-2.0429110855463897,2.097588904508183,-0.8022755169121227,0.06480800797699049,0.14885573901317461,0.47916821031983947,-2.020483662688581,-1.6409502520053305,0
-0.42067283828328317,1.4103259559504977,1.8930783728842249,1.2759234145773486,-0.3281295997315352,1.0721293912305685,-1.8205246456426707,-0.5834753165999902,1.8782874600040023,-1.8769413872655032,3
-3.4414455565606885,-0.7697892002158454,7.895898222447241,-2.696681628825108,-3.6297246613941043,-3.149027752710159,3.965758924357474,0.4544888475833129,1.8428582997903926,-0.4201345069992105,1
1.3590441462874874,-0.8309648763890146,1.3924723309249376,0.4303844067876924,0.06356462309675304,0.19040577052654462,-1.1126327584239923,0.9752124191044055,0.9024244179320575,-3.2206265378200962,2
-0.717115368674079,-0.21510711620318848,0.43660366480246227,2.533873240265624,-1.9686487078258472,2.446913866542113,-1.1087202023755078,1.755956723790878,1.7282323117510008,0.11292910744223028,2
1.464577132426725,-1.277049634596047,1.7149882205618936,2.002539860457182,-3.219840954593985,0.780095529482917,-0.585503572434589,-0.2649786635224417,2.1342783916875865,-0.5927547196334042,2
-1.2164523572590489,-0.33971485164290466,6.802289629152982,-1.9215992865605884,-3.1727426491364903,-3.834424355196124,-1.2795539320138989,0.49936224643691113,3.281156631286083,1.25692420731612,1
0.38789705766099536,0.34564013990411424,-2.604136166498432,-0.635287507972347,1.045316755196172,-0.7269471754966697,-3.0495069744960706,0.41282207902281864,-4.981805153690662,-3.9481572887528262,2
-0.16653854901851473,0.10158535817304085,-1.1111705849573479,-0.5878970405640436,2.2874828170848627,1.6153023271183824,0.786491692958198,1.5209852402541009,0.1599360367836975,-1.135615843895048,0
0.9168200008873791,0.18085260932256295,0.4935636623747637,-0.2104226839612462,-1.8326374400473597,0.8326668533403507,-1.2883285943196154,0.22004016665403928,0.061715566626622254,-2.1983238264602467,2
-3.3407199300402075,0.6049233586501919,2.462716776091959,1.8106331730933292,1.2013690603124316,1.145838067828167,1.1905639438977502,1.4481843198713584,1.2602411438505796,-1.2843313688363,1
1.6311917036693977,0.9595886883794996,-1.060925691268928,1.2294581615513578,0.8363360540078039,1.0600804402473023,0.3407942459518354,-0.1829574255102161,0.6096766467089572,-0.7816114459175356,3
2.4974584344026387,-1.6408850617178827,-1.3370515319813394,-0.8476672999825263,-0.8171801454851191,0.17771887643882534,0.33519284036404295,2.7902916215481857,-1.7355259717566704,-2.6812017596206403,2
1.0842713750073891,2.526264180124968,-1.8529397072831157,2.690305712685972,-0.7072237006377644,1.0615557008948073,3.0875771177980265,-0.6812868468440255,-1.286314188271685,-0.25884904887615867,0
0.8339291294103754,0.28144505572189316,0.21827772078217422,-1.1845185793616881,-0.2764664254697121,-1.6981933079995368,-0.0030786652490522037,1.736115949895032,-1.359725789934242,-0.8365105179050953,1
-0.35746087314057884,0.7414564869926152,-0.011483282040716636,1.9614714545836947,-0.4573016650011257,-0.42765563707219023,-3.7292802527418316,-0.44316772781320113,-1.8199705508275472,-2.530644290772306,2
2.7086788890292555,-0.04579653672244556,-1.0991636596900338,0.6306129732332011,-0.18639579954055874,1.184693536888751,-2.1248087010774768,0.34542636035848484,0.5162835178979759,-2.0934696535727957,3
-0.989251246187058,-0.14930466732200925,3.0546287026511907,1.1078444938146126,1.6111708984290694,-1.196865473392052,-3.2855806608121454,-0.36586628069437727,1.9504886197506366,-1.5170701487941982,3
-0.1407178025019884,0.4051852292950227,1.4419916645155475,0.7804446130746525,-1.683360257016174,1.1650132826091473,-1.7799097961973604,1.2958159129500124,0.944685455499997,-2.1247407954522366,2
-1.5797596730795505,0.559951427319347,5.363234246396249,-2.1247432389658103,-1.290536833770104,-2.1288347650138517,1.7449427284868095,-0.20378252140990608,2.30311168155733,-0.3237570653473444,1
0.21259059882344233,1.4578591798568084,2.2482531798478638,3.0603757031224483,-1.095126714891407,0.11010295698754635,-1.6794083878644852,-1.029299501614386,0.7182502833853319,-3.230154931744842,3
-1.9528550364913873,-0.7792478244102747,2.772555061204166,0.15416923725572795,0.970573412356398,1.3697819303377679,2.3557463710643223,1.2493487077663223,2.5619550354367924,-1.1234108401058132,1
0.5812033790844457,-0.4126795209485751,-0.776546097273528,1.000411637168725,1.3366351883652139,-0.6037135995808007,0.308272679074137,-0.3954465387902735,-1.8575837172583523,-2.1232236819916723,0
-0.6601970300334454,-0.4973368733758023,4.286528962132141,-0.6115844150456895,-0.44398570420977357,-1.492287961565028,0.13853163491960074,0.4172957309125057,2.225479225780182,-1.2497707420722866,1
2.6175438976427308,-2.1333720733363393,-0.40796980716636044,-0.16922596068711138,1.2714286936605974,0.5439325799080303,-2.0487215144581614,0.03854673388916923,2.009509097470795,-0.7759665566862266,3
1.824993556489178,-0.9001612335098023,-1.2893371448642852,-1.275102426760391,5.830953500188071,-1.7114880473725522,-2.718162475258523,-0.3774404902857792,1.7973030462579496,1.769636705821827,3
0.966494883504849,-0.6019816024672664,-1.831093380058629,-0.11991333384899283,2.825932641458601,1.169815729540037,2.219749719164895,0.1959872420566366,0.046121423300260256,-0.5312756137472987,0
0.05259524484479938,1.6364464837049708,-2.81772212779536,3.127134262631088,1.726290408450823,2.2355551254920334,-1.1892271542000343,-1.0694055347748608,-0.0114998969334007,0.5669756436813558,2
-0.8275735720974868,-0.4841634165777435,-0.16797589398624252,0.6357950401927147,0.26693686239283776,2.304810674490427,-1.8219853130677133,1.207716755909506,1.244644467081986,-0.759577327217537,3
-2.6896893092931062,1.5314828975216277,-1.0971061359262264,-1.1904602078423956,2.465130295001569,3.5233274371919356,1.1643462026122442,-0.03840433566908717,0.529636623154089,-0.7172634971157215,0
2.107693569914783,-0.4440436754637384,1.6052893397291,0.5517549678815696,0.04715755601195615,-0.3374135981081239,-0.654140573092652,-0.6842000995617376,0.9796630109668631,-3.4058106525103704,2
2.670525218207027,1.1115873132202774,-2.215158690222753,-0.3053606702455782,-0.6600564827036525,1.0326924465106604,1.0223148458276836,-0.6738243809748471,-1.1141450398133488,-1.389333091243199,2
1.6480764209662964,-0.2696473522415064,-2.3714680410676903,0.4716076366629016,0.494374195761649,2.281289143129287,0.3851242178397032,1.196886763916562,-0.21347181634118484,-1.2529650218951631,3
0.7004308325452856,-0.001123160305806167,-0.9307657409223179,1.824912490737773,-3.667924974151231,1.8377900342053515,-0.7101273255176301,-0.22858480832683586,0.3085411760008627,0.9471062250569815,2
-0.3354824423401501,0.7053405829585855,-0.3545491291397467,0.44234898928520294,3.7430056750250755,-0.018606127702259778,-1.1484933791265795,0.585862528617211,1.1373839702110544,0.313993055142211,3
-1.6804903237505453,-1.2392874673043803,3.8268182474130326,0.5431556977878287,-2.2697302988361554,2.062783186751406,-3.919258141367437,1.825537038023988,3.4332597853028375,-2.341833632289422,3
1.0842967290146437,-1.2213709174087466,-2.293948494364307,2.7114608040060517,-0.19945428147155764,1.1265791244677554,2.2345782542051307,1.3546010543580276,-1.4249347920065463,-0.2519637237415925,0
3.3912445464972305,-3.759778926676893,-3.4169790899339123,0.15236659028430732,1.14926708342874,1.0492969643624968,0.017154865063965685,0.9054383674547759,-0.9738831120731457,-1.0330446463535101,3
-2.163327151353646,-0.6784091983448722,4.791028749923186,-0.33750115909766576,-2.464839207763376,1.0624612652930283,1.6421961886025822,-2.0097553612366537,2.4967063242863476,-2.3734749218949034,1
-0.8139525822515348,-0.36880824852207394,4.811779983232086,-1.5462531212140858,-1.083405356516859,-1.88019022113825,2.1472062918409422,-0.8394396538518765,1.1041021370741697,-2.5167482625733495,1
-0.4384637255789492,-0.6485724296954335,-5.269043063454817,4.52447091412291,0.9245217169166409,4.445892671396319,0.7603366931289568,0.9705024945362163,0.20572960094194337,3.7658394704578866,2
2.2017743077703695,-1.0341632121613418,-3.3426054123303843,2.4997133720010707,1.392045933316826,-0.10010542212047269,-0.7390983191225027,1.154214892291474,-2.3237507308728254,-0.7602209660337418,2
-2.6761280682899424,2.2721814526647686,8.003618799691449,-0.9706524028260797,-1.0632665299002406,-3.1887530750388895,1.2992594489037688,-0.5665630169755967,3.6354382007656523,-0.6573519628885318,1
0.6887389698544288,1.1784303256422324,2.54291519148926,-1.990842072276435,-0.7175523420562191,-2.7239938538474147,-0.91112870522019,-1.1849232068976612,0.9772780815604006,0.3851239602893972,1
-1.6912479424060805,-0.2966521950968329,0.08607565215443014,1.2040025101466947,-1.4028407218004504,1.0314934402367555,-3.8173609802983295,-1.1445651875274974,-1.2851434654737766,-1.9875567955137217,2
-0.3482160642295735,-0.11673064491608603,0.1000452554014844,0.15647527912813497,2.0436544197834503,0.46652693958268376,-2.0456497716250333,-0.0353929251300813,0.8329023831191678,-0.8897113981778993,3
1.6903715051483794,1.0613753366291845,0.34117494083186656,0.2968289038707671,-2.6597314057210113,0.4096551697957791,-0.11263094380833583,0.5201680989460166,-0.34538975609458,-2.002107616224941,2
4.169279032381235,-0.050148570806248335,-2.749908670538492,2.1775542406413937,-2.7206806485850206,-0.2178946433874085,0.5307961749988301,-1.9133093709277296,-1.0167593246038455,1.2454017171868959,2
-0.3726645015190011,0.04005718226503185,1.41993158062062,3.8122130559639067,1.1240793010626664,-0.11321101966658897,-2.6505421848161723,-0.1987097136555822,0.6373793576041935,-2.4463489383714063,2
2.4742913767719417,0.2006851750501655,-3.6018790401272556,1.5427960378505416,2.2763227689264802,-1.0223889995112359,-1.3358432019084219,-1.3382113817853876,-3.7092806262149147,-2.160120490485599,2
-0.6616949608854072,-0.9551795982995399,-2.5283344266309395,2.019153450101798,-0.7639623202387934,2.0714232063216116,-2.1716471345472437,0.8916634697708784,-1.2186323807528594,0.41223114868871,2
2.8116734058091737,2.0684353405210794,-3.1510198024245133,-0.13907058248312976,1.8891536285209476,1.0926448174036647,-0.29478012011754495,0.8423936901903476,-0.46230734759562964,-0.6688996787931253,3
-0.020853009831384606,-0.5435668402465832,-1.178100188911565,1.5431118368827184,0.6484802176271531,1.4930629150385972,2.610924070309964,-0.3962110120214403,-0.3738284587799914,-0.4488758364469556,0
-0.8836755820614604,0.5121284866942792,5.402382343794374,-1.9204460890059882,-1.8962509903635627,-2.2813244896347444,2.1459528696433234,-0.8069610540170469,1.0060175236686384,-2.611026817421859,1
-1.922630741335452,1.0705663084808672,1.6433912729201545,-0.8886524379978186,-1.0920415502460321,-0.2271852244129352,2.564152392523262,-1.336058029878479,-1.2215140873486638,-1.5035816457860496,1
2.5539896049235526,-0.5886829977116296,-2.9568152829965566,3.7169078346331816,-1.0294026720996299,-1.3266034028407945,1.2167780684522729,-0.8104977419837787,-4.283569798851931,-1.3384474443318164,0
-2.4432124689460584,0.0013343252784288457,4.4096039558814075,2.591619389983636,0.558397398595093,0.3688540402221602,-1.5641115467889162,0.64129233148137,3.7207556872116916,-0.9286967141003617,3
-1.5683344797101024,1.345529853551899,-2.335909410320902,2.4646698898854265,0.04281544737941689,1.4588249654650896,-1.6554953727921429,0.1437486008992903,-2.9774679422265358,-1.3960048601714181,2
-0.15184574692391473,0.7704561914272967,-2.4191166612174038,1.6508802572924426,1.0448775428525354,0.46301746287387224,2.150078142508483,1.6673852179425974,-2.8115609406501725,-0.7875438728188922,0
2.4253077801955008,-0.6708776207596805,-4.650921884562982,0.4041880819118875,-1.8707353989216233,1.6026714431325333,0.8895077734326107,2.0204739770927964,-2.6365022475446693,0.9012582837875198,2
-0.36961649898566074,1.7115579209900993,-1.7601899575793836,-0.8550752432280821,3.7129280562456284,1.2688783672287813,-2.3325074944139996,0.0718485092054428,1.4419713869155593,1.399190152790566,3
1.1508658103108964,-0.3455213742512229,-2.897334836311282,1.3275681999697189,0.40469154737157653,2.1722107691040646,0.3126071268004902,-1.6322227407245196,-0.8003614700945655,-0.48759521146972395,0
0.9866946241727955,1.1298505923307947,-2.723874889332833,0.5690697969365235,1.6058376697336203,2.2276344705025988,1.574570617457825,-1.279046251076621,-0.174828787848751,-0.16742605396242016,0
0.16808883163648658,-0.18094104631111765,1.9963481783647872,-2.3937912249124293,-1.3376754577695569,-2.837959712396353,0.31406629227723437,0.05442727521013373,-0.8851441544548493,-0.262660786060424,1
0.07030486310629569,0.3656985242180596,-1.7419292828031756,-0.8544581035655445,-0.32188992044882236,3.3580380171371806,-0.6363060759420001,0.10651034054688654,0.8002610423973391,-0.3743486579010482,3
2.7103429597381195,0.4072186081807713,1.4083240364517613,2.3776712504662196,0.7465974129395612,-0.6091054012826886,-0.8206508496935626,0.9787207152077464,2.5799827957161163,-1.1099244694074406,3
-1.6557970943080407,-0.13796092258232334,3.500130775784511,-1.996059930663031,-1.7962332485651,-1.0976820403011218,2.1725563213272574,1.6759545347721903,0.9861991187661768,0.008642175648964523,1
-1.0019036263684642,1.441529981722884,3.400043234012402,-2.1554816491097526,-2.9593888156729067,-0.3876611208765538,1.984231998156761,1.0969469577703703,0.8597920470351129,-1.0808031989419924,1
-2.2501349066648126,0.45106488163755687,2.187444668284705,0.2515530270084654,0.034506790028454803,0.3200986944460089,2.5441355634428806,0.07048609225891711,-1.0339151055406495,-3.4492593350754857,1
1.3827937149729765,0.15785353101045632,3.618850503743315,0.7152218008061322,-2.944626134079019,-0.5106823560736955,-2.945884536850774,-0.38844582960233465,2.303060681601939,-2.6158481146336285,2
-0.47225577869459356,-0.41148304524296236,0.9476483019916306,2.6399449239749857,-0.12405850371887084,1.811683082857683,1.0607812209007816,-0.1332247525482743,1.8237956502131,-0.7258665848443069,3
-0.5255955480648464,0.40057677142778625,-1.69147185139193,0.38211695838487103,1.4023435656095153,2.995986156180698,1.8002431631363582,1.7960683292516828,0.5942765672152566,-0.21201675800083097,0
1.8132111625602947,-0.35329513508022375,-1.455683694873977,0.25517250137629244,1.7112855783770562,1.208828981116712,-3.3031774795829403,0.24070156169627935,1.1243720412417264,-0.9307554183714222,3
-3.390806866998959,-2.1709829351567693,7.488210791781327,-0.5039259754467247,-1.6434120016139762,-1.3670076206812627,3.2544670535010276,-0.18846903675062704,1.6820615663287377,-4.1017456574973785,1
-0.007491755185530247,-0.31251787913486384,-1.530697979493653,1.7733145138318989,-0.08747682114015354,-0.5139982148733704,3.2467972870656467,-1.7066695773747482,-3.48137297220753,-1.332741780477223,0
-2.3203792247441912,-0.34151367231905744,5.231446909486818,-1.8822272311522017,-3.1257800124730846,-1.6477427325586484,1.8443852498805968,0.4895045009181733,1.3115105708196655,-0.4536027687793144,1
3.9877525288091387,-0.9249864386579703,-2.156628688459552,0.5179042222423358,1.148236002996004,-0.23029683583243532,0.6284178154659197,-0.23792032844304545,-0.5996642690667988,-1.4202306986369286,0
1.018911607256848,-1.0199373381040502,-1.7115859423176256,2.1206390868776497,0.2765976975684693,1.1043300534948155,0.6064600773323949,-2.3661205135698755,-0.8459158165276415,-0.9563589685228737,0
0.11933447084081494,-1.7852584679238899,0.39169477548991083,0.38543514637245735,0.4088048075631897,1.8369998490487696,-1.2504380391430727,0.1796331105979691,2.676359018434878,0.2694973044168054,3
0.8770786956116757,-1.0632772807680213,-2.575219560673425,-0.11890310623664524,2.249906363214148,2.535952479525018,1.8105367526684228,-0.4625475254423696,0.5798210889589499,0.10672847315709055,0
-2.639982340377545,0.6072716154076987,4.503929343507106,1.2174057985513822,0.39797738425668316,1.0112366754263107,0.9951879325738172,-1.032397649633179,3.581763409121066,-1.4158350984532708,1
1.2082659936667621,-1.199258499926927,-1.2128903077939328,-1.2289451218745286,-3.5146162583743448,0.9767339042309674,-0.39632259730641006,-0.29055613971950045,-2.0585711099394617,-1.6964262293713128,2
